<?xml version='1.0' encoding='UTF-8'?>
<book xmlns="http://gams.uni-graz.at/viewer" xmlns:xlink="http://www.w3.org/1999/xlink" xmlns:file="http://expath.org/ns/file"><title>Otto Heuschele an Stefan Zweig, 14.07.1925, SZ-SAM/AK.82</title><author>Heuschele, Otto</author><date>14.07.1925</date><category>Ansichtskarte</category><owner><name>Literaturarchiv Salzburg, https://stefanzweig.digital, CC-BY</name></owner><structure><div type="Bildseite"><page xlink:href="SZ-SAMAK_82-1.jpg" xml:lang="en" /></div><div type="Adressseite"><page xlink:href="SZ-SAMAK_82-2.jpg" xml:lang="en" /></div><div type="Farbreferenz"><page xlink:href="SZ-SAMAK_82-3.jpg" xml:lang="en" /></div></structure></book>