<?xml version='1.0' encoding='UTF-8'?>
<book xmlns="http://gams.uni-graz.at/viewer" xmlns:xlink="http://www.w3.org/1999/xlink" xmlns:file="http://expath.org/ns/file"><title>Maria Folkenhof an Stefan Zweig, 02.08.1922, SZ-SAM/AK.198</title><author>Folkenhof, Maria</author><date>02.08.1922</date><category>Ansichtskarte</category><owner><name>Literaturarchiv Salzburg, https://stefanzweig.digital, CC-BY</name></owner><structure><div type="Bildseite"><page xlink:href="SZ-SAMAK_198-1.jpg" xml:lang="en" /></div><div type="Adressseite"><page xlink:href="SZ-SAMAK_198-2.jpg" xml:lang="en" /></div><div type="Farbreferenz"><page xlink:href="SZ-SAMAK_198-3.jpg" xml:lang="en" /></div></structure></book>