<?xml version='1.0' encoding='UTF-8'?>
<TEI xmlns="http://www.tei-c.org/ns/1.0"><teiHeader><fileDesc><titleStmt><title xml:lang="de">Korrespondenz Victor Fleischer</title><title xml:lang="en">Correspondence Victor Fleischer</title></titleStmt><publicationStmt><publisher><orgName corresp="https://www.uni-salzburg.at/index.php?id=72" ref="d-nb.info/gnd/1047605287">Literaturarchiv Salzburg</orgName></publisher><idno type="PID">o:szd.korrespondenzen.fleischer-victor</idno></publicationStmt><seriesStmt><title ref="https://gams.uni-graz.at/szd">Stefan Zweig digital</title><respStmt><resp>Projektleitung</resp><persName><forename>Lina Maria</forename><surname>Zangerl</surname></persName></respStmt><respStmt><resp>Datenerfassung</resp><persName><forename>Oliver</forename><surname>Matuschek</surname></persName><persName><forename>Julia</forename><surname>Glunk</surname></persName></respStmt><respStmt><resp>Datenmodellierung</resp><persName><forename>Christopher</forename><surname>Pollin</surname></persName></respStmt></seriesStmt><sourceDesc><p>Korrespondenzen Stefan Zweig</p></sourceDesc></fileDesc><encodingDesc><editorialDecl><p>Jeder Einzelbrief wird durch ein biblFull beschrieben.</p></editorialDecl><projectDesc><p>Das Projekt verfolgt das Ziel, den weltweit verstreuten Nachlass von Stefan Zweig im digitalen Raum zusammenzuführen und ihn einem literaturwissenschaftlich bzw. wissenschaftlich interessierten Publikum zu erschließen. In Zusammenarbeit mit dem Literaturarchiv der Universität Salzburg wird dabei, basierend auf dem dort vorhandenen Quellenmaterial, eine digitale Nachlassrekonstruktion des Bestandes generiert. So entsteht ein strukturierter Bestand an digitalen Objekten, der im Sinne der digitalen Langzeitarchivierung repräsentiert wird, und NutzerInnen orts- und zeitunabhängig zugänglich ist. Das Projekt ist so konzipiert, dass zu einem späteren Zeitpunkt Erschließung und Anreicherung des Quellenmaterials (z.B. digitalen Editionen) möglich werden.</p></projectDesc><listPrefixDef><prefixDef ident="szdg" matchPattern="([(a-z)|(A-Z)]+)" replacementPattern="szdg:$1"><p>Namespace für den Glossar in Stefan Zweig digital.</p></prefixDef></listPrefixDef></encodingDesc></teiHeader><text><body><listBibl><biblFull xml:id="SZDKOR.fleischer-victor.247"><fileDesc><titleStmt><title xml:lang="de">Fleischer, Victor an Zweig, Stefan, 02.07.1908</title><title xml:lang="en">Fleischer, Victor to Zweig, Stefan, 02.07.1908</title></titleStmt><publicationStmt><ab>Einzelbrief</ab></publicationStmt><sourceDesc><msDesc><msIdentifier><country>Österreich</country><settlement>Salzburg</settlement><repository ref="https://d-nb.info/gnd/1047605287">Literaturarchiv Salzburg</repository><idno type="signature">SZ-SAM/AK.57</idno><altIdentifier><idno type="PID">o:szd.3346</idno></altIdentifier><altIdentifier><idno type="context" /></altIdentifier></msIdentifier><msContents><textLang><lang xml:lang="ger">German</lang></textLang></msContents><physDesc><objectDesc><supportDesc><support><material ana="szdg:WritingMaterial" xml:lang="de">Ansichtspostkarte: "Komotau Alaunhütte"</material><material ana="szdg:WritingMaterial" xml:lang="en">Picture postcard: "Komotau Alaunhütte"</material><material ana="szdg:WritingInstrument" xml:lang="de">violetter Farbstift</material><material ana="szdg:WritingInstrument" xml:lang="en">purple crayon</material></support><extent><span xml:lang="de">1 Ansichtspostkarte, Manuskript, 1 Blatt</span><span xml:lang="en">1 picture postcard, manuscript, 1 leaf</span></extent></supportDesc></objectDesc></physDesc><history><acquisition><ab xml:lang="de">Ankauf aus Privatbesitz 2013/2014</ab><ab xml:lang="en">Acquisition from private ownership 2013/2014</ab></acquisition></history></msDesc></sourceDesc></fileDesc><profileDesc><correspDesc type="toZweig"><correspAction type="sent"><persName ref="http://d-nb.info/gnd/116601485"><surname>Fleischer</surname><forename>Victor</forename></persName><date xml:lang="de" when="1908-07-02">2/VII. 08</date><date xml:lang="en" when="1908-07-02">2/VII. 08</date></correspAction><correspAction type="received"><persName ref="http://d-nb.info/gnd/118637479"><surname>Zweig</surname><forename>Stefan</forename></persName></correspAction></correspDesc></profileDesc></biblFull><biblFull xml:id="SZDKOR.fleischer-victor.248"><fileDesc><titleStmt><title xml:lang="de">Fleischer, Victor an Zweig, Stefan, 06.07.1914</title><title xml:lang="en">Fleischer, Victor to Zweig, Stefan, 06.07.1914</title></titleStmt><publicationStmt><ab>Einzelbrief</ab></publicationStmt><sourceDesc><msDesc><msIdentifier><country>Österreich</country><settlement>Salzburg</settlement><repository ref="https://d-nb.info/gnd/1047605287">Literaturarchiv Salzburg</repository><idno type="signature">SZ-SAM/AK.58</idno><altIdentifier><idno type="PID">o:szd.3347</idno></altIdentifier><altIdentifier><idno type="context" /></altIdentifier></msIdentifier><msContents><textLang><lang xml:lang="ger">German</lang></textLang></msContents><physDesc><objectDesc><supportDesc><support><material ana="szdg:WritingMaterial" xml:lang="de">Ansichtspostkarte: "Salzkammergut Bad Ischl mit kais. Villa"</material><material ana="szdg:WritingMaterial" xml:lang="en">Picture postcard: "Salzkammergut Bad Ischl mit kais. Villa"</material><material ana="szdg:WritingInstrument" xml:lang="de">Bleistift</material><material ana="szdg:WritingInstrument" xml:lang="en">pencil</material></support><extent><span xml:lang="de">1 Ansichtspostkarte, Manuskript, 1 Blatt</span><span xml:lang="en">1 picture postcard, manuscript, 1 leaf</span></extent></supportDesc></objectDesc></physDesc><history><acquisition><ab xml:lang="de">Ankauf aus Privatbesitz 2013/2014</ab><ab xml:lang="en">Acquisition from private ownership 2013/2014</ab></acquisition></history></msDesc></sourceDesc></fileDesc><profileDesc><correspDesc type="toZweig"><correspAction type="sent"><persName ref="http://d-nb.info/gnd/116601485"><surname>Fleischer</surname><forename>Victor</forename></persName><date xml:lang="de" when="1914-07-06">6/7.1914</date><date xml:lang="en" when="1914-07-06">6/7.1914</date></correspAction><correspAction type="received"><persName ref="http://d-nb.info/gnd/118637479"><surname>Zweig</surname><forename>Stefan</forename></persName></correspAction></correspDesc></profileDesc></biblFull><biblFull xml:id="SZDKOR.fleischer-victor.249"><fileDesc><titleStmt><title xml:lang="de">Fleischer, Victor an Zweig, Stefan, 01.08.1926</title><title xml:lang="en">Fleischer, Victor to Zweig, Stefan, 01.08.1926</title></titleStmt><publicationStmt><ab>Einzelbrief</ab></publicationStmt><sourceDesc><msDesc><msIdentifier><country>Österreich</country><settlement>Salzburg</settlement><repository ref="https://d-nb.info/gnd/1047605287">Literaturarchiv Salzburg</repository><idno type="signature">SZ-SAM/AK.59</idno><altIdentifier><idno type="PID">o:szd.3348</idno></altIdentifier><altIdentifier><idno type="context" /></altIdentifier></msIdentifier><msContents><textLang><lang xml:lang="ger">German</lang></textLang></msContents><physDesc><objectDesc><supportDesc><support><material ana="szdg:WritingMaterial" xml:lang="de">Ansichtspostkarte: "Levanto – Veduta del Golfo"</material><material ana="szdg:WritingMaterial" xml:lang="en">Picture postcard: "Levanto – Veduta del Golfo"</material><material ana="szdg:WritingInstrument" xml:lang="de">blaue Tinte</material><material ana="szdg:WritingInstrument" xml:lang="en">blue ink</material></support><extent><span xml:lang="de">1 Ansichtspostkarte, Manuskript, 1 Blatt</span><span xml:lang="en">1 picture postcard, manuscript, 1 leaf</span></extent></supportDesc></objectDesc></physDesc><history><acquisition><ab xml:lang="de">Ankauf aus Privatbesitz 2013/2014</ab><ab xml:lang="en">Acquisition from private ownership 2013/2014</ab></acquisition></history></msDesc></sourceDesc></fileDesc><profileDesc><correspDesc type="toZweig"><correspAction type="sent"><persName ref="http://d-nb.info/gnd/116601485"><surname>Fleischer</surname><forename>Victor</forename></persName><date xml:lang="de" when="1926-08-01">1. VIII. 26.</date><date xml:lang="en" when="1926-08-01">1. VIII. 26.</date></correspAction><correspAction type="received"><persName ref="http://d-nb.info/gnd/118637479"><surname>Zweig</surname><forename>Stefan</forename></persName></correspAction></correspDesc></profileDesc></biblFull><biblFull xml:id="SZDKOR.fleischer-victor.251"><fileDesc><titleStmt><title xml:lang="de">Fleischer, Victor an Zweig, Stefan, 07.08.1929</title><title xml:lang="en">Fleischer, Victor to Zweig, Stefan, 07.08.1929</title></titleStmt><publicationStmt><ab>Einzelbrief</ab></publicationStmt><sourceDesc><msDesc><msIdentifier><country>Österreich</country><settlement>Salzburg</settlement><repository ref="https://d-nb.info/gnd/1047605287">Literaturarchiv Salzburg</repository><idno type="signature">SZ-SAM/AK.60</idno><altIdentifier><idno type="PID">o:szd.3350</idno></altIdentifier><altIdentifier><idno type="context" /></altIdentifier></msIdentifier><msContents><textLang><lang xml:lang="ger">German</lang></textLang></msContents><physDesc><objectDesc><supportDesc><support><material ana="szdg:WritingMaterial" xml:lang="de">Ansichtspostkarte: "Garda"</material><material ana="szdg:WritingMaterial" xml:lang="en">Picture postcard: "Garda"</material><material ana="szdg:WritingInstrument" xml:lang="de">schwarze Tinte</material><material ana="szdg:WritingInstrument" xml:lang="en">black ink</material></support><extent><span xml:lang="de">1 Ansichtspostkarte, Manuskript, 1 Blatt</span><span xml:lang="en">1 picture postcard, manuscript, 1 leaf</span></extent></supportDesc></objectDesc></physDesc><history><acquisition><ab xml:lang="de">Ankauf aus Privatbesitz 2013/2014</ab><ab xml:lang="en">Acquisition from private ownership 2013/2014</ab></acquisition></history></msDesc></sourceDesc></fileDesc><profileDesc><correspDesc type="toZweig"><correspAction type="sent"><persName ref="http://d-nb.info/gnd/116601485"><surname>Fleischer</surname><forename>Victor</forename></persName><date xml:lang="de" when="1929-08-07">7. VIII. 29</date><date xml:lang="en" when="1929-08-07">7. VIII. 29</date></correspAction><correspAction type="received"><persName ref="http://d-nb.info/gnd/118637479"><surname>Zweig</surname><forename>Stefan</forename></persName></correspAction></correspDesc></profileDesc></biblFull></listBibl></body></text></TEI>