date,szdper,name,status
2026-09-24,SZDPER.3,"Addams, Jane",removed
2026-09-24,SZDPER.10,"Aksakov, Sergej T.",removed
2026-09-24,SZDPER.26,"Anzengruber, Ludwig",removed
2026-09-24,SZDPER.31,Aristoteles,removed
2026-09-24,SZDPER.40,"Auerbach, Bertrand",removed
2026-09-24,SZDPER.51,"Badeni, Kasimir F.",removed
2026-09-24,SZDPER.52,"Baekeland, Leo H.",removed
2026-09-24,SZDPER.53,"Bagger, Eugene S.",removed
2026-09-24,SZDPER.70,"Bartók, Béla",removed
2026-09-24,SZDPER.93,"Benedikt, Moriz",removed
2026-09-24,SZDPER.98,"Benoît, Pierre",removed
2026-09-24,SZDPER.99,"Benz, Carl",removed
2026-09-24,SZDPER.110,"Beuret, Rose",removed
2026-09-24,SZDPER.116,"Binyon, Laurence",removed
2026-09-24,SZDPER.117,"Bismarck, Otto von",removed
2026-09-24,SZDPER.123,"Blériot, Louis",removed
2026-09-24,SZDPER.137,"Bohr, Niels",removed
2026-09-24,SZDPER.148,"Bourbon-Parma, Sixtus von",removed
2026-09-24,SZDPER.149,"Zita, Kaiserin von Österreich",removed
2026-09-24,SZDPER.156,"Brahm, Otto",removed
2026-09-24,SZDPER.165,"Brettauer, Josefine",removed
2026-09-24,SZDPER.166,"Brettauer, Samuel",removed
2026-09-24,SZDPER.170,"Briand, Aristide",removed
2026-09-24,SZDPER.174,"Brockdorff-Rantzau, Ulrich von",removed
2026-09-24,SZDPER.187,"Budberg, Mura",removed
2026-09-24,SZDPER.192,"Bülow, Bernhard von",removed
2026-09-24,SZDPER.196,"Burke, Edmund",removed
2026-09-24,SZDPER.222,"Cavell, Edith",removed
2026-09-24,SZDPER.223,"Cazals, Frédéric-Auguste",removed
2026-09-24,SZDPER.226,"Cézanne, Paul",removed
2026-09-24,SZDPER.227,"Chamberlain, Austen",removed
2026-09-24,SZDPER.232,"Charcot, Jean Martin",removed
2026-09-24,SZDPER.233,"Charmatz, Richard",removed
2026-09-24,SZDPER.253,"Conrad von Hötzendorf, Franz",removed
2026-09-24,SZDPER.259,"Cortés, Hernán",removed
2026-09-24,SZDPER.269,"Houville, Gérard d'",removed
2026-09-24,SZDPER.271,"Dahn, Felix",removed
2026-09-24,SZDPER.272,"Daimler, Gottlieb",removed
2026-09-24,SZDPER.273,"Daladier, Edouard",removed
2026-09-24,SZDPER.281,"Darnley, Henry Stuart",removed
2026-09-24,SZDPER.289,"Defoe, Daniel",removed
2026-09-24,SZDPER.290,"Defregger, Franz von",removed
2026-09-24,SZDPER.307,"Dollfuß, Engelbert",removed
2026-09-24,SZDPER.309,Donatello,removed
2026-09-24,SZDPER.325,"Duncan, Isadora",removed
2026-09-24,SZDPER.328,"Duse, Eleonora",removed
2026-09-24,SZDPER.329,"Duvernois, Henri",removed
2026-09-24,SZDPER.330,"Dvořák, Antonín",removed
2026-09-24,SZDPER.341,"Annin, Robert Edwards",removed
2026-09-24,SZDPER.345,"Ehrlich, Paul",removed
2026-09-24,SZDPER.355,El Greco,removed
2026-09-24,SZDPER.357,"Elisabeth I., Königin von England",removed
2026-09-24,SZDPER.362,"Ensor, James",removed
2026-09-24,SZDPER.365,"Erdődy, Anna Maria",removed
2026-09-24,SZDPER.366,"Erhardt, Hermann",removed
2026-09-24,SZDPER.367,"Erzberger, Matthias",removed
2026-09-24,SZDPER.371,"Eulenburg und Hertefeld, Philipp zu",removed
2026-09-24,SZDPER.379,"Falke, Gustav",removed
2026-09-24,SZDPER.387,"Ferdinand I., Kaiser von Österreich",removed
2026-09-24,SZDPER.391,"Fester, Richard",removed
2026-09-24,SZDPER.393,"Fey, Emil",removed
2026-09-24,SZDPER.419,"Frank von Fürstenwerth, Adolf",removed
2026-09-24,SZDPER.428,"Franz Joseph I., Kaiser von Österreich",removed
2026-09-24,SZDPER.440,"Furtwängler, Wilhelm",removed
2026-09-24,SZDPER.444,Sueton,removed
2026-09-24,SZDPER.447,"Galsworthy, John",removed
2026-09-24,SZDPER.465,"Lloyd George, David",removed
2026-09-24,SZDPER.468,"Germains, Victor Wallace",removed
2026-09-24,SZDPER.472,"Gibbon, Edward",removed
2026-09-24,SZDPER.479,"Giraudoux, Jean",removed
2026-09-24,SZDPER.481,"Glidden, Carlos",removed
2026-09-24,SZDPER.483,"Glück, Gustav",removed
2026-09-24,SZDPER.485,"Goebbels, Joseph",removed
2026-09-24,SZDPER.491,"Gogh, Vincent van",removed
2026-09-24,SZDPER.499,"Göring, Hermann",removed
2026-09-24,SZDPER.506,"Goya, Francisco de",removed
2026-09-24,SZDPER.518,"Grey, Edward",removed
2026-09-24,SZDPER.530,"Grünewald, Matthias",removed
2026-09-24,SZDPER.534,"Gallenberg, Julia von",removed
2026-09-24,SZDPER.542,"Haber, Fritz",removed
2026-09-24,SZDPER.546,"Halifax, Edward Frederick Lindley Wood of",removed
2026-09-24,SZDPER.555,"Hanslick, Eduard",removed
2026-09-24,SZDPER.559,"Hardy, Thomas",removed
2026-09-24,SZDPER.561,"Hartmann, Eduard von",removed
2026-09-24,SZDPER.580,"Hegel, Georg Wilhelm Friedrich",removed
2026-09-24,SZDPER.583,"Heinrich IV., Frankreich, König",removed
2026-09-24,SZDPER.600,"Herron, George Davis",removed
2026-09-24,SZDPER.603,"Hertz, Heinrich",removed
2026-09-24,SZDPER.605,"Herzen, Alexander",removed
2026-09-24,SZDPER.607,"Hess, Rudolf",removed
2026-09-24,SZDPER.612,"Heymel, Alfred Walter",removed
2026-09-24,SZDPER.631,"Hohenberg, Ernst von",removed
2026-09-24,SZDPER.632,"Hohenberg, Maximilian von",removed
2026-09-24,SZDPER.640,"Horovitz, Leopold",removed
2026-09-24,SZDPER.650,"Hugenberg, Alfred",removed
2026-09-24,SZDPER.651,"Hughes, David Edward",removed
2026-09-24,SZDPER.660,"Iffland, August Wilhelm",removed
2026-09-24,SZDPER.663,"Izambard, Georges",removed
2026-09-24,SZDPER.666,"Jacobowski, Ludwig",removed
2026-09-24,SZDPER.678,"Jodl, Friedrich",removed
2026-09-24,SZDPER.679,"Johann II, Fürst von Liechtenstein",removed
2026-09-24,SZDPER.681,"John I., König von England",removed
2026-09-24,SZDPER.686,"Joseph II., Kaiser des Heiligen Römischen Reiches",removed
2026-09-24,SZDPER.699,"Kálmán, Emmerich",removed
2026-09-24,SZDPER.701,"Kapp, Wolfgang",removed
2026-09-24,SZDPER.703,"Karl I., Kaiser von Österreich",removed
2026-09-24,SZDPER.705,"Karsavina, Tamara P.",removed
2026-09-24,SZDPER.726,"Khnopff, Fernand",removed
2026-09-24,SZDPER.727,"Kierkegaard, Søren",removed
2026-09-24,SZDPER.739,"Klimt, Gustav",removed
2026-09-24,SZDPER.766,"Krupp von Bohlen und Halbach, Gustav",removed
2026-09-24,SZDPER.769,"Kun, Béla",removed
2026-09-24,SZDPER.781,"Lansing, Robert",removed
2026-09-24,SZDPER.784,"Larmeroux, Jean",removed
2026-09-24,SZDPER.786,"Laski, Harold Joseph",removed
2026-09-24,SZDPER.800,"Leibl, Wilhelm",removed
2026-09-24,SZDPER.808,"Lenbach, Franz von",removed
2026-09-24,SZDPER.814,"Leopold II., Kaiser des Heiligen Römischen Reiches",removed
2026-09-24,SZDPER.837,"Lister, Joseph",removed
2026-09-24,SZDPER.841,"Paris Lodron, Erzbischof von Salzburg",removed
2026-09-24,SZDPER.849,"Loti, Pierre",removed
2026-09-24,SZDPER.851,"Louis Philippe II., Herzog von Orléans",removed
2026-09-24,SZDPER.860,"Ludendorff, Erich",removed
2026-09-24,SZDPER.861,"Ludwig XIV., König von Frankreich",removed
2026-09-24,SZDPER.868,"Lueger, Karl",removed
2026-09-24,SZDPER.871,"Lumière, Louis",removed
2026-09-24,SZDPER.872,"Lunatscharski, Anatoli",removed
2026-09-24,SZDPER.873,"Lunt, Alfred",removed
2026-09-24,SZDPER.878,"Macartney, Carlile A.",removed
2026-09-24,SZDPER.900,Mark Aurel,removed
2026-09-24,SZDPER.906,"Maria Theresia, Erzherzogin von Österreich",removed
2026-09-24,SZDPER.917,"Matkowsky, Adalbert",removed
2026-09-24,SZDPER.918,"Matteotti, Giacomo",removed
2026-09-24,SZDPER.929,"Meisenbach, Georg",removed
2026-09-24,SZDPER.975,"Moissan, Henri",removed
2026-09-24,SZDPER.978,"Molotov, Vjačeslav Michajlovič",removed
2026-09-24,SZDPER.983,"Monod, Olga",removed
2026-09-24,SZDPER.1001,"Mühsam, Erich",removed
2026-09-24,SZDPER.1006,"Munch, Edvard",removed
2026-09-24,SZDPER.1007,"Munkácsy, Mihály",removed
2026-09-24,SZDPER.1014,"Musulin, Alexander von",removed
2026-09-24,SZDPER.1020,"Neisser, Albert",removed
2026-09-24,SZDPER.1029,"Nightingale, Florence",removed
2026-09-24,SZDPER.1031,"Nižinskij, Vaclav F.",removed
2026-09-24,SZDPER.1032,"Nikolaus II., Zar von Russland",removed
2026-09-24,SZDPER.1038,"Nordau, Max",removed
2026-09-24,SZDPER.1039,"Nostitz-Rieneck, Sophie",removed
2026-09-24,SZDPER.1041,"Nowak, Karl Friedrich",removed
2026-09-24,SZDPER.1048,"Oldofredi, Hieronymus",removed
2026-09-24,SZDPER.1058,"Pacher, Michael",removed
2026-09-24,SZDPER.1070,"Pasteur, Louis",removed
2026-09-24,SZDPER.1084,"Pershing, John J.",removed
2026-09-24,SZDPER.1107,"Pius X., Papst",removed
2026-09-24,SZDPER.1108,"Planck, Max",removed
2026-09-24,SZDPER.1113,"Poincaré, Raymond",removed
2026-09-24,SZDPER.1121,"Prévost D'Exiles, Antoine François",removed
2026-09-24,SZDPER.1123,"Pribram, Alfred Francis",removed
2026-09-24,SZDPER.1130,"Pullman, George Mortimer",removed
2026-09-24,SZDPER.1142,"Ravel, Maurice",removed
2026-09-24,SZDPER.1145,"Redl, Alfred",removed
2026-09-24,SZDPER.1147,"Regler, Max",removed
2026-09-24,SZDPER.1156,"Renner, Karl",removed
2026-09-24,SZDPER.1157,"Renoir, Auguste",removed
2026-09-24,SZDPER.1159,"Reucker, Alfred",removed
2026-09-24,SZDPER.1163,"Ribbentrop, Joachim von",removed
2026-09-24,SZDPER.1195,"Röntgen, Wilhelm Conrad",removed
2026-09-24,SZDPER.1196,"Rops, Félicien",removed
2026-09-24,SZDPER.1199,"Rosé, Arnold",removed
2026-09-24,SZDPER.1207,"Rostand, Edmond",removed
2026-09-24,SZDPER.1222,"Rutherford, Ernest",removed
2026-09-24,SZDPER.1228,"Sadoul, Jacques",removed
2026-09-24,SZDPER.1240,"Samassa, Paul",removed
2026-09-24,SZDPER.1248,"Sassoon, Siegfried",removed
2026-09-24,SZDPER.1264,"Schlenther, Paul",removed
2026-09-24,SZDPER.1278,"Schönerer, Georg von",removed
2026-09-24,SZDPER.1282,"Schratt, Katharina",removed
2026-09-24,SZDPER.1289,"Schuhmeier, Franz",removed
2026-09-24,SZDPER.1293,"Schuschnigg, Kurt",removed
2026-09-24,SZDPER.1297,"Schwind, Moritz von",removed
2026-09-24,SZDPER.1303,"Seipel, Ignaz",removed
2026-09-24,SZDPER.1314,"Sholes, Christopher Latham",removed
2026-09-24,SZDPER.1319,"Sieghart, Rudolf",removed
2026-09-24,SZDPER.1332,"Sonnenthal, Adolf von",removed
2026-09-24,SZDPER.1333,Sophokles,removed
2026-09-24,SZDPER.1334,"Sorel, Georges",removed
2026-09-24,SZDPER.1335,"Sosnosky, Theodor von",removed
2026-09-24,SZDPER.1336,"Soulé, Samuel Willard",removed
2026-09-24,SZDPER.1341,"Spengler, Oswald",removed
2026-09-24,SZDPER.1349,"Starhemberg, Ernst Rüdiger",removed
2026-09-24,SZDPER.1359,"Stinnes, Hugo",removed
2026-09-24,SZDPER.1369,"Straus, Oscar",removed
2026-09-24,SZDPER.1394,"Szegö, István",removed
2026-09-24,SZDPER.1401,"Tardieu, André",removed
2026-09-24,SZDPER.1403,"Techow, Ernst-Werner",removed
2026-09-24,SZDPER.1405,"Telemann, Georg Philipp",removed
2026-09-24,SZDPER.1413,"Thackeray, William Makepeace",removed
2026-09-24,SZDPER.1421,"Thun, Maria Wilhelmine von",removed
2026-09-24,SZDPER.1427,Tizian,removed
2026-09-24,SZDPER.1439,"Trotzki, Leo",removed
2026-09-24,SZDPER.1447,"Vanzetti, Bartolomeo",removed
2026-09-24,SZDPER.1452,"Velázquez, Diego",removed
2026-09-24,SZDPER.1457,Vercingetorix,removed
2026-09-24,SZDPER.1459,"Verdaguer Travesi, Mario",removed
2026-09-24,SZDPER.1464,"Vermeer van Delft, Jan",removed
2026-09-24,SZDPER.1468,"Victoria, Königin von Großbritannien",removed
2026-09-24,SZDPER.1474,"Vogel, Carl",removed
2026-09-24,SZDPER.1490,"Wallmann, Margarethe",removed
2026-09-24,SZDPER.1510,"Weygand, Maxime",removed
2026-09-24,SZDPER.1512,"Steed, Henry Wickham",removed
2026-09-24,SZDPER.1518,"Wieser, Friedrich von",removed
2026-09-24,SZDPER.1536,"Wolter, Charlotte",removed
2026-09-24,SZDPER.1537,"Wright, Orville",removed
2026-09-24,SZDPER.1538,"Wright, Wilbur",removed
2026-09-24,SZDPER.1540,"Wundt, Wilhelm",removed
2026-09-24,SZDPER.1543,"Yorck von Wartenburg, Hans Ludwig",removed
2026-09-24,SZDPER.1545,"Zeppelin, Ferdinand von",removed
2026-09-24,SZDPER.1649,"Urzidil, Johannes",removed
2026-09-24,SZDPER.1651,"Shuster, George N.",removed
2026-09-24,SZDPER.1657,Unidentified signatures,removed
2026-09-24,SZDPER.1665,"Maril, Konrad",removed
2026-09-24,SZDPER.1750,Isaacs,removed
2026-09-24,SZDPER.1761,"Carlow(?), J.",removed
2026-09-24,SZDPER.1804,Filed as Unidentified signatures:,removed
2026-09-24,SZDPER.1805,Filed as Zweig Family:,removed
2026-09-24,SZDPER.1868,Zweig Family,removed
2026-09-24,SZDPER.2065,Tal Lawsuit,removed
2026-09-24,SZDPER.2278,"Billiet, Joseph",removed
2026-09-24,SZDPER.2281,"Gabelentz, Hanns-Conon von der",removed
2026-09-24,SZDPER.2282,"Kessler, Harry Graf",removed
2026-09-24,SZDPER.2291,"Wilnot, Mr.",removed
