<?xml version='1.0' encoding='UTF-8'?>
<TEI xmlns="http://www.tei-c.org/ns/1.0"><teiHeader><fileDesc><titleStmt><title xml:lang="de">Korrespondenz Luc Durtain</title><title xml:lang="en">Correspondence Luc Durtain</title></titleStmt><publicationStmt><publisher><orgName corresp="https://www.uni-salzburg.at/index.php?id=72" ref="d-nb.info/gnd/1047605287">Literaturarchiv Salzburg</orgName></publisher><idno type="PID">o:szd.korrespondenzen.durtain-luc</idno></publicationStmt><seriesStmt><title ref="https://gams.uni-graz.at/szd">Stefan Zweig digital</title><respStmt><resp>Projektleitung</resp><persName><forename>Lina Maria</forename><surname>Zangerl</surname></persName></respStmt><respStmt><resp>Datenerfassung</resp><persName><forename>Oliver</forename><surname>Matuschek</surname></persName><persName><forename>Julia</forename><surname>Glunk</surname></persName></respStmt><respStmt><resp>Datenmodellierung</resp><persName><forename>Christopher</forename><surname>Pollin</surname></persName></respStmt></seriesStmt><sourceDesc><p>Korrespondenzen Stefan Zweig</p></sourceDesc></fileDesc><encodingDesc><editorialDecl><p>Jeder Einzelbrief wird durch ein biblFull beschrieben.</p></editorialDecl><projectDesc><p>Das Projekt verfolgt das Ziel, den weltweit verstreuten Nachlass von Stefan Zweig im digitalen Raum zusammenzuführen und ihn einem literaturwissenschaftlich bzw. wissenschaftlich interessierten Publikum zu erschließen. In Zusammenarbeit mit dem Literaturarchiv der Universität Salzburg wird dabei, basierend auf dem dort vorhandenen Quellenmaterial, eine digitale Nachlassrekonstruktion des Bestandes generiert. So entsteht ein strukturierter Bestand an digitalen Objekten, der im Sinne der digitalen Langzeitarchivierung repräsentiert wird, und NutzerInnen orts- und zeitunabhängig zugänglich ist. Das Projekt ist so konzipiert, dass zu einem späteren Zeitpunkt Erschließung und Anreicherung des Quellenmaterials (z.B. digitalen Editionen) möglich werden.</p></projectDesc><listPrefixDef><prefixDef ident="szdg" matchPattern="([(a-z)|(A-Z)]+)" replacementPattern="szdg:$1"><p>Namespace für den Glossar in Stefan Zweig digital.</p></prefixDef></listPrefixDef></encodingDesc></teiHeader><text><body><listBibl><biblFull xml:id="SZDKOR.durtain-luc.238"><fileDesc><titleStmt><title xml:lang="de">Durtain, Luc an Zweig, Stefan, 07.1924</title><title xml:lang="en">Durtain, Luc to Zweig, Stefan, 07.1924</title></titleStmt><publicationStmt><ab>Einzelbrief</ab></publicationStmt><sourceDesc><msDesc><msIdentifier><country>Österreich</country><settlement>Salzburg</settlement><repository ref="https://d-nb.info/gnd/1047605287">Literaturarchiv Salzburg</repository><idno type="signature">SZ-SAM/AK.49</idno><altIdentifier><idno type="PID">o:szd.3337</idno></altIdentifier><altIdentifier><idno type="context" /></altIdentifier></msIdentifier><msContents><textLang><lang xml:lang="fra">French</lang></textLang></msContents><physDesc><objectDesc><supportDesc><support><material ana="szdg:WritingMaterial" xml:lang="de">Ansichtspostkarte: "Cairo – A. Native Quarter"</material><material ana="szdg:WritingMaterial" xml:lang="en">Picture postcard: "Cairo – A. Native Quarter"</material><material ana="szdg:WritingInstrument" xml:lang="de">schwarze Tinte</material><material ana="szdg:WritingInstrument" xml:lang="en">black ink</material></support><extent><span xml:lang="de">1 Ansichtspostkarte, Manuskript, 1 Blatt</span><span xml:lang="en">1 picture postcard, manuscript, 1 leaf</span></extent></supportDesc></objectDesc></physDesc><history><acquisition><ab xml:lang="de">Ankauf aus Privatbesitz 2013/2014</ab><ab xml:lang="en">Acquisition from private ownership 2013/2014</ab></acquisition></history></msDesc></sourceDesc></fileDesc><profileDesc><correspDesc type="toZweig"><correspAction type="sent"><persName ref="http://d-nb.info/gnd/116256877"><surname>Durtain</surname><forename>Luc</forename></persName><date xml:lang="de" when="1924-07">July 24.</date><date xml:lang="en" when="1924-07">July 24.</date></correspAction><correspAction type="received"><persName ref="http://d-nb.info/gnd/118637479"><surname>Zweig</surname><forename>Stefan</forename></persName></correspAction></correspDesc></profileDesc></biblFull></listBibl></body></text></TEI>