<?xml version='1.0' encoding='UTF-8'?>
<biblFull xml:id=""><fileDesc><titleStmt><title xml:lang="de">0 Korrespondenzstücke VON StefanZweig</title><title xml:lang="en">0 Pieces of Correspondence FROM </title></titleStmt><publicationStmt><ab>Briefkonvolut</ab></publicationStmt><sourceDesc><msDesc><msIdentifier><country>Österreich</country><settlement>Salzburg</settlement><repository ref="http://d-nb.info/gnd/1047605287">Literaturarchiv Salzburg</repository><idno type="signature" /><altIdentifier><idno type="context">context:szd.facsimiles.korrespondenzen#freud-anna</idno></altIdentifier><altIdentifier><idno type="konvolut">o:szd.korrespondenzen.freud-anna</idno></altIdentifier></msIdentifier><physDesc><objectDesc><supportDesc><extent><measure type="correspondence" unit="piece" subtype="sent">0</measure></extent></supportDesc></objectDesc></physDesc></msDesc></sourceDesc></fileDesc><profileDesc><correspDesc type="byZweig"><correspAction type="sent"><persName ref=""><surname>Zweig</surname><forename>Stefan</forename></persName></correspAction><correspAction type="received"><persName ref=""><surname /><forename /></persName><date xml:lang="en" from="" to="" /></correspAction></correspDesc></profileDesc></biblFull>