<?xml version='1.0' encoding='UTF-8'?>
<TEI xmlns="http://www.tei-c.org/ns/1.0"><teiHeader><fileDesc><titleStmt><title xml:lang="de">Korrespondenz Freud, Anna</title><title xml:lang="en">Correspondence Freud, Anna</title></titleStmt><publicationStmt><publisher><orgName corresp="https://www.uni-salzburg.at/index.php?id=72" ref="d-nb.info/gnd/1047605287">Literaturarchiv Salzburg</orgName></publisher><idno type="PID">o:szd.korrespondenzen.freud-anna</idno><ref target="context:szd.korrespondenzen">Korrespondenzen Stefan Zweig</ref></publicationStmt><seriesStmt><title ref="https://gams.uni-graz.at/szd">Stefan Zweig digitale</title><respStmt><resp>Projektleitung</resp><persName><forename>Manfred</forename><surname>Mittermayer</surname></persName></respStmt><respStmt><resp>Datenerfassung</resp><persName><forename>Oliver</forename><surname>Matuschek</surname></persName><persName><forename>Julia</forename><surname>Glunk</surname></persName></respStmt><respStmt><resp>Datenmodellierung</resp><persName><forename>Christopher</forename><surname>Pollin</surname></persName></respStmt></seriesStmt><sourceDesc><p>Korrespondenzen Stefan Zweig</p></sourceDesc></fileDesc><encodingDesc><editorialDecl><p>Jeder Einzelbrief wird durch ein biblFull beschrieben.</p></editorialDecl><projectDesc><p>Das Projekt verfolgt das Ziel, den weltweit verstreuten Nachlass von Stefan Zweig im digitalen Raum zusammenzuführen und ihn einem literaturwissenschaftlich bzw. wissenschaftlich interessierten Publikum zu erschließen. In Zusammenarbeit mit dem Literaturarchiv der Universität Salzburg wird dabei, basierend auf dem dort vorhandenen Quellenmaterial, eine digitale Nachlassrekonstruktion des Bestandes generiert. So entsteht ein strukturierter Bestand an digitalen Objekten, der im Sinne der digitalen Langzeitarchivierung repräsentiert wird, und NutzerInnen orts- und zeitunabhängig zugänglich ist. Das Projekt ist so konzipiert, dass zu einem späteren Zeitpunkt Erschließung und Anreicherung des Quellenmaterials (z.B. digitalen Editionen) möglich werden.</p></projectDesc><listPrefixDef><prefixDef ident="szdg" matchPattern="([(a-z)|(A-Z)]+)" replacementPattern="szdg:$1"><p>Namespace für den Glossar in Stefan Zweig digital.</p></prefixDef></listPrefixDef></encodingDesc></teiHeader><text><body><listBibl><biblFull xml:id="SZDKOR.freud-anna.48"><fileDesc><titleStmt><title xml:lang="de">Zweig, Stefan an Freud, Anna, 04.08.1939</title><title xml:lang="en">Zweig, Stefan to Freud, Anna, 04.08.1939</title></titleStmt><publicationStmt><ab>Einzelbrief</ab></publicationStmt><sourceDesc><msDesc><msIdentifier><country>Österreich</country><settlement>Salzburg</settlement><repository ref="http://d-nb.info/gnd/1047605287">Literaturarchiv Salzburg</repository><idno type="signature">SZ-LAS/B7.48</idno><altIdentifier><idno type="PID">o:szd.163</idno></altIdentifier><altIdentifier><idno type="context">context:szd.facsimiles.korrespondenzen.annafreud</idno></altIdentifier></msIdentifier><msContents><textLang><lang xml:lang="deutsch" /></textLang></msContents><physDesc><objectDesc><supportDesc><support><material ana="szdg:WritingMaterial" xml:lang="de">Briefpapier</material><material ana="szdg:WritingMaterial" xml:lang="en">Stationery</material><material ana="szdg:WritingInstrument" xml:lang="de">schwarzes Farbband, violette Tinte</material><material ana="szdg:WritingInstrument" xml:lang="en">black ribbon, purple ink</material></support><extent><span xml:lang="de">1 Brief, Typoskript, 1 Blatt</span><span xml:lang="en">1 letter, typescript, 1 leaf</span><measure type="format">18x23 cm</measure></extent></supportDesc></objectDesc><handDesc><ab xml:lang="de">Stefan Zweig</ab><ab xml:lang="en">Stefan Zweig</ab></handDesc></physDesc><history><acquisition><ab xml:lang="de">Ankauf Christie's London 2023</ab><ab xml:lang="en">Acquisition from Christie's London 2023</ab></acquisition></history></msDesc></sourceDesc></fileDesc><profileDesc><correspDesc type="byZweig"><correspAction type="sent"><persName ref="http://d-nb.info/gnd/118637479"><surname>Zweig</surname><forename>Stefan</forename></persName><date xml:lang="de" when="1939-08-04">4.August 1939</date><date xml:lang="en" when="1939-08-04">4.August 1939</date><placeName type="original">Lansdown Lodge | Lansdown Road | Bath.</placeName></correspAction><correspAction type="received"><persName ref="http://d-nb.info/gnd/118535307"><surname>Freud</surname><forename>Anna</forename></persName></correspAction></correspDesc></profileDesc></biblFull></listBibl></body></text></TEI>