id,name,normdaten,gnd_sonst_verwendet,verweis_innerhalb_szdper
SZDPER.3,"Addams, Jane",http://d-nb.info/gnd/118643800 http://www.wikidata.org/entity/Q180989 https://de.wikipedia.org/wiki/Jane_Addams,nein,nein
SZDPER.10,"Aksakov, Sergej T.",http://d-nb.info/gnd/118637630 http://www.wikidata.org/entity/Q315188 https://de.wikipedia.org/wiki/Sergei_Timofejewitsch_Aksakow,nein,nein
SZDPER.14,"Aleramo, Sibilla",http://d-nb.info/gnd/118501801 http://www.wikidata.org/entity/Q287741 https://de.wikipedia.org/wiki/Sibilla_Aleramo,ja,nein
SZDPER.26,"Anzengruber, Ludwig",http://d-nb.info/gnd/11850357X http://www.wikidata.org/entity/Q93718 https://de.wikipedia.org/wiki/Ludwig_Anzengruber,nein,nein
SZDPER.27,"Arcos, René",http://d-nb.info/gnd/130102725,ja,nein
SZDPER.40,"Auerbach, Bertrand",http://d-nb.info/gnd/101815018 http://www.wikidata.org/entity/Q2899444,nein,nein
SZDPER.51,"Badeni, Kasimir F.",http://d-nb.info/gnd/118651625 http://www.wikidata.org/entity/Q697799 https://de.wikipedia.org/wiki/Kasimir_Felix_Badeni,nein,nein
SZDPER.53,"Bagger, Eugene S.",http://d-nb.info/gnd/125984626,nein,nein
SZDPER.68,"Barnay, Ludwig",http://d-nb.info/gnd/118652575 http://www.wikidata.org/entity/Q539931 https://de.wikipedia.org/wiki/Ludwig_Barnay,ja,nein
SZDPER.99,"Benz, Carl",http://d-nb.info/gnd/118509225 http://www.wikidata.org/entity/Q40224 https://de.wikipedia.org/wiki/Carl_Benz,nein,nein
SZDPER.103,"Berger, Alfred von",http://d-nb.info/gnd/118655930 http://www.wikidata.org/entity/Q88890 https://de.wikipedia.org/wiki/Alfred_von_Berger,ja,nein
SZDPER.117,"Bismarck, Otto von",http://d-nb.info/gnd/11851136X http://www.wikidata.org/entity/Q8442 https://de.wikipedia.org/wiki/Otto_von_Bismarck,nein,nein
SZDPER.123,"Blériot, Louis",http://d-nb.info/gnd/118659049 http://www.wikidata.org/entity/Q5396 https://de.wikipedia.org/wiki/Louis_Bl%C3%A9riot,nein,nein
SZDPER.137,"Bohr, Niels",http://d-nb.info/gnd/118661051 http://www.wikidata.org/entity/Q7085 https://de.wikipedia.org/wiki/Niels_Bohr,nein,nein
SZDPER.148,"Bourbon-Parma, Sixtus von",http://d-nb.info/gnd/124409199 http://www.wikidata.org/entity/Q951608 https://de.wikipedia.org/wiki/Sixtus_von_Bourbon-Parma,nein,nein
SZDPER.165,"Brettauer, Josefine",http://d-nb.info/gnd/1150271477,nein,nein
SZDPER.192,"Bülow, Bernhard von",http://d-nb.info/gnd/118517023 http://www.wikidata.org/entity/Q60113 https://de.wikipedia.org/wiki/Bernhard_von_B%C3%BClow,nein,nein
SZDPER.232,"Charcot, Jean Martin",http://d-nb.info/gnd/118976001 http://www.wikidata.org/entity/Q20710 https://de.wikipedia.org/wiki/Jean-Martin_Charcot,nein,nein
SZDPER.272,"Daimler, Gottlieb",http://d-nb.info/gnd/118523422 http://www.wikidata.org/entity/Q57098 https://de.wikipedia.org/wiki/Gottlieb_Daimler,nein,nein
SZDPER.294,"Demelius, Margarethe",http://d-nb.info/gnd/116068949,nein,nein
SZDPER.328,"Duse, Eleonora",http://d-nb.info/gnd/118681354 http://www.wikidata.org/entity/Q275970 https://de.wikipedia.org/wiki/Eleonora_Duse,nein,nein
SZDPER.329,"Duvernois, Henri",http://d-nb.info/gnd/10233272X http://www.wikidata.org/entity/Q1392751 https://de.wikipedia.org/wiki/Henri_Duvernois,nein,nein
SZDPER.349,"Eiffel, Gustave",http://d-nb.info/gnd/118688340 http://www.wikidata.org/entity/Q20882 https://de.wikipedia.org/wiki/Gustave_Eiffel,nein,nein
SZDPER.356,"Elisabeth, Kaiserin von Österreich",http://d-nb.info/gnd/118529897 http://www.wikidata.org/entity/Q150782 https://de.wikipedia.org/wiki/Elisabeth_von_%C3%96sterreich-Ungarn,nein,nein
SZDPER.377,"Faistauer, Anton",http://d-nb.info/gnd/118531824 http://www.wikidata.org/entity/Q589241 https://de.wikipedia.org/wiki/Anton_Faistauer,ja,nein
SZDPER.420,"Frank, Leonhard",http://d-nb.info/gnd/118534793 http://www.wikidata.org/entity/Q77069 https://de.wikipedia.org/wiki/Leonhard_Frank,ja,nein
SZDPER.422,"Frankl, Fanny",http://d-nb.info/gnd/1153738023,nein,nein
SZDPER.427,"Franz II., Kaiser des Heiligen Römischen Reiches, als Franz I. Kaiser von Österreich",http://d-nb.info/gnd/118534955 http://www.wikidata.org/entity/Q130834 https://de.wikipedia.org/wiki/Franz_II._%28HRR%29,nein,nein
SZDPER.444,Sueton,http://d-nb.info/gnd/118619918 http://www.wikidata.org/entity/Q10133,nein,nein
SZDPER.465,"Lloyd George, David",http://d-nb.info/gnd/118573675 http://www.wikidata.org/entity/Q134982 https://de.wikipedia.org/wiki/David_Lloyd_George,nein,nein
SZDPER.485,"Goebbels, Joseph",http://d-nb.info/gnd/118540041 http://www.wikidata.org/entity/Q41749 https://de.wikipedia.org/wiki/Joseph_Goebbels,nein,nein
SZDPER.506,"Goya, Francisco de",http://d-nb.info/gnd/118541064 http://www.wikidata.org/entity/Q5432 https://de.wikipedia.org/wiki/Francisco_de_Goya,nein,nein
SZDPER.530,"Grünewald, Matthias",http://d-nb.info/gnd/118542907 http://www.wikidata.org/entity/Q154338 https://de.wikipedia.org/wiki/Matthias_Gr%C3%BCnewald,nein,nein
SZDPER.542,"Haber, Fritz",http://d-nb.info/gnd/118699814 http://www.wikidata.org/entity/Q57075 https://de.wikipedia.org/wiki/Fritz_Haber,nein,nein
SZDPER.546,"Halifax, Edward Frederick Lindley Wood of",http://d-nb.info/gnd/118700960 http://www.wikidata.org/entity/Q333426 https://de.wikipedia.org/wiki/Edward_Wood%2C_1._Earl_of_Halifax,nein,nein
SZDPER.572,"Haushofer, Karl",http://d-nb.info/gnd/118547119 http://www.wikidata.org/entity/Q76746 https://de.wikipedia.org/wiki/Karl_Haushofer,nein,nein
SZDPER.574,"Haushofer, Max",http://d-nb.info/gnd/11936803X http://www.wikidata.org/entity/Q119149 https://de.wikipedia.org/wiki/Max_Haushofer_Jr.,nein,nein
SZDPER.600,"Herron, George Davis",http://d-nb.info/gnd/124360955 http://www.wikidata.org/entity/Q5538309 https://de.wikipedia.org/wiki/George_D._Herron,nein,nein
SZDPER.603,"Hertz, Heinrich",http://d-nb.info/gnd/11855008X http://www.wikidata.org/entity/Q41257 https://de.wikipedia.org/wiki/Heinrich_Hertz,nein,nein
SZDPER.605,"Herzen, Alexander",http://d-nb.info/gnd/118639218 http://www.wikidata.org/entity/Q201221 https://de.wikipedia.org/wiki/Alexander_Iwanowitsch_Herzen,nein,nein
SZDPER.607,"Hess, Rudolf",http://d-nb.info/gnd/11855039X http://www.wikidata.org/entity/Q75866 https://de.wikipedia.org/wiki/Rudolf_He%C3%9F,nein,nein
SZDPER.612,"Heymel, Alfred Walter",http://d-nb.info/gnd/118550713 http://www.wikidata.org/entity/Q1285464 https://de.wikipedia.org/wiki/Alfred_Walter_Heymel,nein,nein
SZDPER.631,"Hohenberg, Ernst von",http://d-nb.info/gnd/1057926787 http://www.wikidata.org/entity/Q78659 https://de.wikipedia.org/wiki/Ernst_Hohenberg,nein,nein
SZDPER.632,"Hohenberg, Maximilian von",http://d-nb.info/gnd/130183474 http://www.wikidata.org/entity/Q78596 https://de.wikipedia.org/wiki/Maximilian_Hohenberg,nein,nein
SZDPER.639,Homer,http://d-nb.info/gnd/11855333X http://www.wikidata.org/entity/Q6691 https://de.wikipedia.org/wiki/Homer,ja,nein
SZDPER.640,"Horovitz, Leopold",http://d-nb.info/gnd/117010030 http://www.wikidata.org/entity/Q2314507 https://de.wikipedia.org/wiki/Leopold_Horovitz,nein,nein
SZDPER.641,"Horváth, Ödön von",http://d-nb.info/gnd/118553739 http://www.wikidata.org/entity/Q84455 https://de.wikipedia.org/wiki/%C3%96d%C3%B6n_von_Horv%C3%A1th,ja,nein
SZDPER.644,"House, Edward Mandell",http://d-nb.info/gnd/118775065 http://www.wikidata.org/entity/Q704368 https://de.wikipedia.org/wiki/Edward_Mandell_House,nein,nein
SZDPER.650,"Hugenberg, Alfred",http://d-nb.info/gnd/118554565 http://www.wikidata.org/entity/Q65121 https://de.wikipedia.org/wiki/Alfred_Hugenberg,nein,nein
SZDPER.651,"Hughes, David Edward",http://d-nb.info/gnd/117054771 http://www.wikidata.org/entity/Q366078 https://de.wikipedia.org/wiki/David_Edward_Hughes,nein,nein
SZDPER.660,"Iffland, August Wilhelm",http://d-nb.info/gnd/118555324 http://www.wikidata.org/entity/Q215115 https://de.wikipedia.org/wiki/August_Wilhelm_Iffland,nein,nein
SZDPER.662,"Istrati, Panai͏̈t",http://d-nb.info/gnd/119049163 http://www.wikidata.org/entity/Q344179 https://de.wikipedia.org/wiki/Panait_Istrati,ja,nein
SZDPER.663,"Izambard, Georges",http://d-nb.info/gnd/1145426379,nein,nein
SZDPER.666,"Jacobowski, Ludwig",http://d-nb.info/gnd/118711148 http://www.wikidata.org/entity/Q1874611 https://de.wikipedia.org/wiki/Ludwig_Jacobowski,nein,nein
SZDPER.668,"Jaeger, Hans Henrik",http://d-nb.info/gnd/118121227 http://www.wikidata.org/entity/Q924021 https://de.wikipedia.org/wiki/Hans_J%C3%A6ger,ja,nein
SZDPER.678,"Jodl, Friedrich",http://d-nb.info/gnd/119305429 http://www.wikidata.org/entity/Q91919 https://de.wikipedia.org/wiki/Friedrich_Jodl,nein,nein
SZDPER.679,"Johann II, Fürst von Liechtenstein",http://d-nb.info/gnd/117003360 http://www.wikidata.org/entity/Q317016 https://de.wikipedia.org/wiki/Johann_II._%28Liechtenstein%29,nein,nein
SZDPER.681,"John I., König von England",http://d-nb.info/gnd/118639927 http://www.wikidata.org/entity/Q129308 https://de.wikipedia.org/wiki/Johann_Ohneland,nein,nein
SZDPER.686,"Joseph II., Kaiser des Heiligen Römischen Reiches",http://d-nb.info/gnd/118558404 http://www.wikidata.org/entity/Q76555 https://de.wikipedia.org/wiki/Joseph_II.,nein,nein
SZDPER.699,"Kálmán, Emmerich",http://d-nb.info/gnd/118559605 http://www.wikidata.org/entity/Q153818 https://de.wikipedia.org/wiki/Emmerich_K%C3%A1lm%C3%A1n,nein,nein
SZDPER.701,"Kapp, Wolfgang",http://d-nb.info/gnd/118891502 http://www.wikidata.org/entity/Q58863 https://de.wikipedia.org/wiki/Wolfgang_Kapp,nein,nein
SZDPER.703,"Karl I., Kaiser von Österreich",http://d-nb.info/gnd/118560077 http://www.wikidata.org/entity/Q51068 https://de.wikipedia.org/wiki/Karl_I._%28%C3%96sterreich-Ungarn%29,nein,nein
SZDPER.704,"Karl X., König von Frankreich",http://d-nb.info/gnd/118776770 http://www.wikidata.org/entity/Q7758 https://de.wikipedia.org/wiki/Karl_X._%28Frankreich%29,ja,nein
SZDPER.705,"Karsavina, Tamara P.",http://d-nb.info/gnd/143685376 http://www.wikidata.org/entity/Q231316 https://de.wikipedia.org/wiki/Tamara_Platonowna_Karsawina,nein,nein
SZDPER.718,"Kern, Erwin",http://d-nb.info/gnd/133514897 http://www.wikidata.org/entity/Q1363110 https://de.wikipedia.org/wiki/Erwin_Kern_%28Attent%C3%A4ter%29,nein,nein
SZDPER.724,"Keyserling, Hermann",http://d-nb.info/gnd/118722158 http://www.wikidata.org/entity/Q60690 https://de.wikipedia.org/wiki/Hermann_Graf_Keyserling,ja,nein
SZDPER.726,"Khnopff, Fernand",http://d-nb.info/gnd/118561871 http://www.wikidata.org/entity/Q559559 https://de.wikipedia.org/wiki/Fernand_Khnopff,nein,nein
SZDPER.727,"Kierkegaard, Søren",http://d-nb.info/gnd/118562002 http://www.wikidata.org/entity/Q6512 https://de.wikipedia.org/wiki/S%C3%B8ren_Kierkegaard,nein,nein
SZDPER.739,"Klimt, Gustav",http://d-nb.info/gnd/118563289 http://www.wikidata.org/entity/Q34661 https://de.wikipedia.org/wiki/Gustav_Klimt,nein,nein
SZDPER.750,"Korn, Arthur",http://d-nb.info/gnd/116340223 http://www.wikidata.org/entity/Q68533 https://de.wikipedia.org/wiki/Arthur_Korn,nein,nein
SZDPER.759,"Králík, Klement",,nein,nein
SZDPER.766,"Krupp von Bohlen und Halbach, Gustav",http://d-nb.info/gnd/116574216 http://www.wikidata.org/entity/Q155871 https://de.wikipedia.org/wiki/Gustav_Krupp_von_Bohlen_und_Halbach,nein,nein
SZDPER.769,"Kun, Béla",http://d-nb.info/gnd/118778218 http://www.wikidata.org/entity/Q151646 https://de.wikipedia.org/wiki/B%C3%A9la_Kun,nein,nein
SZDPER.770,Kuro Masu,http://d-nb.info/gnd/125005539,nein,nein
SZDPER.780,"Lammasch, Heinrich",http://d-nb.info/gnd/118726110 http://www.wikidata.org/entity/Q112023 https://de.wikipedia.org/wiki/Heinrich_Lammasch,ja,nein
SZDPER.781,"Lansing, Robert",http://d-nb.info/gnd/118778757 http://www.wikidata.org/entity/Q361366 https://de.wikipedia.org/wiki/Robert_Lansing_%28Politiker%29,nein,nein
SZDPER.784,"Larmeroux, Jean",http://d-nb.info/gnd/116737212,nein,nein
SZDPER.786,"Laski, Harold Joseph",http://d-nb.info/gnd/119192616 http://www.wikidata.org/entity/Q470890 https://de.wikipedia.org/wiki/Harold_Laski,nein,nein
SZDPER.800,"Leibl, Wilhelm",http://d-nb.info/gnd/118571222 http://www.wikidata.org/entity/Q704661 https://de.wikipedia.org/wiki/Wilhelm_Leibl,nein,nein
SZDPER.808,"Lenbach, Franz von",http://d-nb.info/gnd/118571516 http://www.wikidata.org/entity/Q585323 https://de.wikipedia.org/wiki/Franz_von_Lenbach,nein,nein
SZDPER.809,Lenin,http://d-nb.info/gnd/118640402 http://www.wikidata.org/entity/Q1394 https://de.wikipedia.org/wiki/Wladimir_Iljitsch_Lenin,ja,nein
SZDPER.814,"Leopold II., Kaiser des Heiligen Römischen Reiches",http://d-nb.info/gnd/118571877 http://www.wikidata.org/entity/Q151321 https://de.wikipedia.org/wiki/Leopold_II._%28HRR%29,nein,nein
SZDPER.817,"Lerberghe, Charles van",http://d-nb.info/gnd/118865684 http://www.wikidata.org/entity/Q93871 https://de.wikipedia.org/wiki/Charles_Van_Lerberghe,ja,nein
SZDPER.829,"Lilien, Jacob",http://d-nb.info/gnd/115380350X,nein,nein
SZDPER.831,"Lilienthal, Otto",http://d-nb.info/gnd/118572970 http://www.wikidata.org/entity/Q57162 https://de.wikipedia.org/wiki/Otto_Lilienthal,nein,nein
SZDPER.834,"Linde, Carl von",http://d-nb.info/gnd/11857311X http://www.wikidata.org/entity/Q61864 https://de.wikipedia.org/wiki/Carl_von_Linde,nein,nein
SZDPER.837,"Lister, Joseph",http://d-nb.info/gnd/118573535 http://www.wikidata.org/entity/Q155768 https://de.wikipedia.org/wiki/Joseph_Lister%2C_1._Baron_Lister,nein,nein
SZDPER.841,"Paris Lodron, Erzbischof von Salzburg",http://d-nb.info/gnd/11873931X http://www.wikidata.org/entity/Q877419 https://de.wikipedia.org/wiki/Paris_von_Lodron,nein,nein
SZDPER.842,"Loeffler, Charles Martin",http://d-nb.info/gnd/119141426 http://www.wikidata.org/entity/Q1065471 https://de.wikipedia.org/wiki/Charles_Martin_Loeffler,nein,nein
SZDPER.849,"Loti, Pierre",http://d-nb.info/gnd/118780522 http://www.wikidata.org/entity/Q311854 https://de.wikipedia.org/wiki/Pierre_Loti,nein,nein
SZDPER.851,"Louis Philippe II., Herzog von Orléans",http://d-nb.info/gnd/11882046X http://www.wikidata.org/entity/Q311637 https://de.wikipedia.org/wiki/Louis-Philippe_II._Joseph_de_Bourbon%2C_duc_d%E2%80%99Orl%C3%A9ans,nein,nein
SZDPER.853,"Louÿs, Pierre",http://d-nb.info/gnd/118780557 http://www.wikidata.org/entity/Q334958 https://de.wikipedia.org/wiki/Pierre_Lou%C3%BFs,nein,nein
SZDPER.860,"Ludendorff, Erich",http://d-nb.info/gnd/118574841 http://www.wikidata.org/entity/Q58579 https://de.wikipedia.org/wiki/Erich_Ludendorff,nein,nein
SZDPER.861,"Ludwig XIV., König von Frankreich",http://d-nb.info/gnd/118816829 http://www.wikidata.org/entity/Q7742 https://de.wikipedia.org/wiki/Ludwig_XIV.,nein,nein
SZDPER.862,"Ludwig XV., König von Frankreich",http://d-nb.info/gnd/118729438 http://www.wikidata.org/entity/Q7738,ja,nein
SZDPER.865,"Ludwig XVIII., König von Frankreich",http://d-nb.info/gnd/118780743 http://www.wikidata.org/entity/Q7750 https://de.wikipedia.org/wiki/Ludwig_XVIII.,ja,nein
SZDPER.868,"Lueger, Karl",http://d-nb.info/gnd/118729578 http://www.wikidata.org/entity/Q78531 https://de.wikipedia.org/wiki/Karl_Lueger,nein,nein
SZDPER.870,"Luise, Königin von Preußen",http://d-nb.info/gnd/118575155 http://www.wikidata.org/entity/Q156723 https://de.wikipedia.org/wiki/Luise_von_Mecklenburg-Strelitz,nein,nein
SZDPER.871,"Lumière, Louis",http://d-nb.info/gnd/119300753 http://www.wikidata.org/entity/Q1962284 https://de.wikipedia.org/wiki/Louis_Lumi%C3%A8re,nein,nein
SZDPER.872,"Lunatscharski, Anatoli",http://d-nb.info/gnd/118818694 http://www.wikidata.org/entity/Q18809 https://de.wikipedia.org/wiki/Anatoli_Wassiljewitsch_Lunatscharski,nein,nein
SZDPER.873,"Lunt, Alfred",http://d-nb.info/gnd/12853883X http://www.wikidata.org/entity/Q1246683 https://de.wikipedia.org/wiki/Alfred_Lunt,nein,nein
SZDPER.878,"Macartney, Carlile A.",http://d-nb.info/gnd/121930769 http://www.wikidata.org/entity/Q5041292,nein,nein
SZDPER.899,"Marconi, Guglielmo",http://d-nb.info/gnd/118781812 http://www.wikidata.org/entity/Q36488 https://de.wikipedia.org/wiki/Guglielmo_Marconi,ja,nein
SZDPER.900,Mark Aurel,http://d-nb.info/gnd/118577468 http://www.wikidata.org/entity/Q1430 https://de.wikipedia.org/wiki/Mark_Aurel,nein,nein
SZDPER.901,"Cicero, Marcus Tullius",http://d-nb.info/gnd/118520814 http://www.wikidata.org/entity/Q1541 https://de.wikipedia.org/wiki/Marcus_Tullius_Cicero,ja,nein
SZDPER.906,"Maria Theresia, Erzherzogin von Österreich",http://d-nb.info/gnd/118577867 http://www.wikidata.org/entity/Q131706 https://de.wikipedia.org/wiki/Maria_Theresia,nein,nein
SZDPER.917,"Matkowsky, Adalbert",http://d-nb.info/gnd/118640984 http://www.wikidata.org/entity/Q347567 https://de.wikipedia.org/wiki/Adalbert_Matkowsky,nein,nein
SZDPER.918,"Matteotti, Giacomo",http://d-nb.info/gnd/119217570 http://www.wikidata.org/entity/Q267304 https://de.wikipedia.org/wiki/Giacomo_Matteotti,nein,nein
SZDPER.929,"Meisenbach, Georg",http://d-nb.info/gnd/116863684 http://www.wikidata.org/entity/Q1505369,nein,nein
SZDPER.949,"Meunier, Constantin",http://d-nb.info/gnd/118733222 http://www.wikidata.org/entity/Q552440 https://de.wikipedia.org/wiki/Constantin_Meunier,ja,nein
SZDPER.952,"Meier-Graefe, Julius",http://d-nb.info/gnd/118732641 http://www.wikidata.org/entity/Q78108 https://de.wikipedia.org/wiki/Julius_Meier-Graefe,ja,nein
SZDPER.964,"Miller, David Hunter",http://d-nb.info/gnd/172952395,nein,nein
SZDPER.965,"Minne, George",http://d-nb.info/gnd/118784137 http://www.wikidata.org/entity/Q559281 https://de.wikipedia.org/wiki/George_Minne,nein,nein
SZDPER.975,"Moissan, Henri",http://d-nb.info/gnd/118784471 http://www.wikidata.org/entity/Q102804 https://de.wikipedia.org/wiki/Henri_Moissan,nein,nein
SZDPER.978,"Molotov, Vjačeslav Michajlovič",http://d-nb.info/gnd/11873461X http://www.wikidata.org/entity/Q132899 https://de.wikipedia.org/wiki/Wjatscheslaw_Michailowitsch_Molotow,nein,nein
SZDPER.983,"Monod, Olga",http://d-nb.info/gnd/117127264,nein,nein
SZDPER.999,"Mozart, Maria Anna Thekla",http://d-nb.info/gnd/122594967 http://www.wikidata.org/entity/Q75901 https://de.wikipedia.org/wiki/Maria_Anna_Thekla_Mozart,nein,nein
SZDPER.1001,"Mühsam, Erich",http://d-nb.info/gnd/118584758 http://www.wikidata.org/entity/Q61722 https://de.wikipedia.org/wiki/Erich_M%C3%BChsam,nein,nein
SZDPER.1006,"Munch, Edvard",http://d-nb.info/gnd/118585738 http://www.wikidata.org/entity/Q41406 https://de.wikipedia.org/wiki/Edvard_Munch,nein,nein
SZDPER.1007,"Munkácsy, Mihály",http://d-nb.info/gnd/118735268 http://www.wikidata.org/entity/Q551652 https://de.wikipedia.org/wiki/Mih%C3%A1ly_von_Munk%C3%A1csy,nein,nein
SZDPER.1014,"Musulin, Alexander von",http://d-nb.info/gnd/129414212 http://www.wikidata.org/entity/Q55843262,nein,nein
SZDPER.1016,"Nansen, Peter",http://d-nb.info/gnd/116882670 http://www.wikidata.org/entity/Q4349086,nein,nein
SZDPER.1020,"Neisser, Albert",http://d-nb.info/gnd/118738380 http://www.wikidata.org/entity/Q76713 https://de.wikipedia.org/wiki/Albert_Neisser,nein,nein
SZDPER.1027,"Nicolson, Harold",http://d-nb.info/gnd/118587749 http://www.wikidata.org/entity/Q332956 https://de.wikipedia.org/wiki/Harold_Nicolson,ja,nein
SZDPER.1029,"Nightingale, Florence",http://d-nb.info/gnd/118587951 http://www.wikidata.org/entity/Q37103 https://de.wikipedia.org/wiki/Florence_Nightingale,nein,nein
SZDPER.1031,"Nižinskij, Vaclav F.",http://d-nb.info/gnd/118587978 http://www.wikidata.org/entity/Q194363 https://de.wikipedia.org/wiki/Vaslav_Nijinsky,nein,nein
SZDPER.1032,"Nikolaus II., Zar von Russland",http://d-nb.info/gnd/11873492X http://www.wikidata.org/entity/Q40787 https://de.wikipedia.org/wiki/Nikolaus_II._%28Russland%29,nein,nein
SZDPER.1034,"Nobel, Alfred",http://d-nb.info/gnd/118588370 http://www.wikidata.org/entity/Q23810 https://de.wikipedia.org/wiki/Alfred_Nobel,nein,nein
SZDPER.1038,"Nordau, Max",http://d-nb.info/gnd/118588583 http://www.wikidata.org/entity/Q472270 https://de.wikipedia.org/wiki/Max_Nordau,nein,nein
SZDPER.1039,"Nostitz-Rieneck, Sophie",http://d-nb.info/gnd/13826323X http://www.wikidata.org/entity/Q112102 https://de.wikipedia.org/wiki/Sophie_Nostitz-Rieneck,nein,nein
SZDPER.1041,"Nowak, Karl Friedrich",http://d-nb.info/gnd/117069515 http://www.wikidata.org/entity/Q7983614 https://de.wikipedia.org/wiki/Karl_Friedrich_Nowak,nein,nein
SZDPER.1044,"Mayer, August",http://d-nb.info/gnd/127499725 http://www.wikidata.org/entity/Q763252 https://de.wikipedia.org/wiki/August_Oehler,nein,nein
SZDPER.1048,"Oldofredi, Hieronymus",http://d-nb.info/gnd/126643431,nein,nein
SZDPER.1058,"Pacher, Michael",http://d-nb.info/gnd/118591088 http://www.wikidata.org/entity/Q463922 https://de.wikipedia.org/wiki/Michael_Pacher,nein,nein
SZDPER.1070,"Pasteur, Louis",http://d-nb.info/gnd/118591959 http://www.wikidata.org/entity/Q529 https://de.wikipedia.org/wiki/Louis_Pasteur,nein,nein
SZDPER.1084,"Pershing, John J.",http://d-nb.info/gnd/12035506X http://www.wikidata.org/entity/Q272383 https://de.wikipedia.org/wiki/John_J._Pershing,nein,nein
SZDPER.1099,"Pilnjak, Boris Andrejewitsch",http://d-nb.info/gnd/1089928157 http://www.wikidata.org/entity/Q536372 https://de.wikipedia.org/wiki/Boris_Andrejewitsch_Pilnjak,nein,nein
SZDPER.1100,Pindar,http://d-nb.info/gnd/118594427 http://www.wikidata.org/entity/Q134929 https://de.wikipedia.org/wiki/Pindar,nein,nein
SZDPER.1107,"Pius X., Papst",http://d-nb.info/gnd/118594737 http://www.wikidata.org/entity/Q43739 https://de.wikipedia.org/wiki/Pius_X.,nein,nein
SZDPER.1108,"Planck, Max",http://d-nb.info/gnd/118594818 http://www.wikidata.org/entity/Q9021 https://de.wikipedia.org/wiki/Max_Planck,nein,nein
SZDPER.1111,"Poerio, Carlo",http://d-nb.info/gnd/1144886384,nein,nein
SZDPER.1113,"Poincaré, Raymond",http://d-nb.info/gnd/118792652 http://www.wikidata.org/entity/Q191974 https://de.wikipedia.org/wiki/Raymond_Poincar%C3%A9,nein,nein
SZDPER.1121,"Prévost D'Exiles, Antoine François",http://d-nb.info/gnd/118596462 http://www.wikidata.org/entity/Q311480 https://de.wikipedia.org/wiki/Antoine-Fran%C3%A7ois_Pr%C3%A9vost,nein,nein
SZDPER.1123,"Pribram, Alfred Francis",http://d-nb.info/gnd/101662386 http://www.wikidata.org/entity/Q85695 https://de.wikipedia.org/wiki/Alfred_Francis_P%C5%99ibram,nein,nein
SZDPER.1129,Vergil,http://d-nb.info/gnd/118626574 http://www.wikidata.org/entity/Q1398 https://de.wikipedia.org/wiki/Vergil,nein,nein
SZDPER.1130,"Pullman, George Mortimer",http://d-nb.info/gnd/118793683 http://www.wikidata.org/entity/Q362760 https://de.wikipedia.org/wiki/George_Mortimer_Pullman,nein,nein
SZDPER.1136,"Ragaz, Leonhard",http://d-nb.info/gnd/118597825 http://www.wikidata.org/entity/Q117322 https://de.wikipedia.org/wiki/Leonhard_Ragaz,ja,nein
SZDPER.1140,"Rathenau, Emil",http://d-nb.info/gnd/118598422 http://www.wikidata.org/entity/Q215586 https://de.wikipedia.org/wiki/Emil_Rathenau,nein,nein
SZDPER.1142,"Ravel, Maurice",http://d-nb.info/gnd/118598651 http://www.wikidata.org/entity/Q1178 https://de.wikipedia.org/wiki/Maurice_Ravel,nein,nein
SZDPER.1145,"Redl, Alfred",http://d-nb.info/gnd/118743716 http://www.wikidata.org/entity/Q84556 https://de.wikipedia.org/wiki/Alfred_Redl,nein,nein
SZDPER.1147,"Regler, Max",,nein,nein
SZDPER.1151,"Reinhardt, Max",http://d-nb.info/gnd/118599380 http://www.wikidata.org/entity/Q78639 https://de.wikipedia.org/wiki/Max_Reinhardt,ja,nein
SZDPER.1156,"Renner, Karl",http://d-nb.info/gnd/118599739 http://www.wikidata.org/entity/Q11726 https://de.wikipedia.org/wiki/Karl_Renner,nein,nein
SZDPER.1157,"Renoir, Auguste",http://d-nb.info/gnd/118599755 http://www.wikidata.org/entity/Q39931 https://de.wikipedia.org/wiki/Pierre-Auguste_Renoir,nein,nein
SZDPER.1159,"Reucker, Alfred",http://d-nb.info/gnd/116450665 http://www.wikidata.org/entity/Q20650349 https://de.wikipedia.org/wiki/Alfred_Reucker,nein,nein
SZDPER.1163,"Ribbentrop, Joachim von",http://d-nb.info/gnd/118600192 http://www.wikidata.org/entity/Q101886 https://de.wikipedia.org/wiki/Joachim_von_Ribbentrop,nein,nein
SZDPER.1169,"Rembrandt, Harmensz van Rijn",http://d-nb.info/gnd/11859964X http://www.wikidata.org/entity/Q5598 https://de.wikipedia.org/wiki/Rembrandt_van_Rijn,nein,nein
SZDPER.1195,"Röntgen, Wilhelm Conrad",http://d-nb.info/gnd/118745743 http://www.wikidata.org/entity/Q35149 https://de.wikipedia.org/wiki/Wilhelm_Conrad_R%C3%B6ntgen,nein,nein
SZDPER.1196,"Rops, Félicien",http://d-nb.info/gnd/118749641 http://www.wikidata.org/entity/Q378129 https://de.wikipedia.org/wiki/F%C3%A9licien_Rops,nein,nein
SZDPER.1199,"Rosé, Arnold",http://d-nb.info/gnd/116608943 http://www.wikidata.org/entity/Q215647 https://de.wikipedia.org/wiki/Arnold_Ros%C3%A9,nein,nein
SZDPER.1207,"Rostand, Edmond",http://d-nb.info/gnd/118791281 http://www.wikidata.org/entity/Q202749 https://de.wikipedia.org/wiki/Edmond_Rostand,nein,nein
SZDPER.1210,"Rothschild, Lionel Walter",http://d-nb.info/gnd/117596809 http://www.wikidata.org/entity/Q316669 https://de.wikipedia.org/wiki/Walter_Rothschild%2C_2._Baron_Rothschild,nein,nein
SZDPER.1218,"Rudolf, Erzherzog von Österreich",http://d-nb.info/gnd/118603698 http://www.wikidata.org/entity/Q152923 https://de.wikipedia.org/wiki/Rudolf_von_%C3%96sterreich-Ungarn,nein,nein
SZDPER.1222,"Rutherford, Ernest",http://d-nb.info/gnd/118750488 http://www.wikidata.org/entity/Q9123 https://de.wikipedia.org/wiki/Ernest_Rutherford,nein,nein
SZDPER.1225,"Sacco, Nicola",http://d-nb.info/gnd/118604546 http://www.wikidata.org/entity/Q2672924,nein,nein
SZDPER.1228,"Sadoul, Jacques",http://d-nb.info/gnd/119029820 http://www.wikidata.org/entity/Q3159955,nein,nein
SZDPER.1240,"Samassa, Paul",http://d-nb.info/gnd/116777567 http://www.wikidata.org/entity/Q55674775,nein,nein
SZDPER.1242,"Sándor, Imre",http://d-nb.info/gnd/127950753,ja,nein
SZDPER.1248,"Sassoon, Siegfried",http://d-nb.info/gnd/118642243 http://www.wikidata.org/entity/Q363729 https://de.wikipedia.org/wiki/Siegfried_Sassoon,nein,nein
SZDPER.1264,"Schlenther, Paul",http://d-nb.info/gnd/118795112 http://www.wikidata.org/entity/Q194574 https://de.wikipedia.org/wiki/Paul_Schlenther,nein,nein
SZDPER.1270,"Schneider, Ernst",http://d-nb.info/gnd/1031458735 http://www.wikidata.org/entity/Q17151365,nein,nein
SZDPER.1271,"Schneider, Eugène",http://d-nb.info/gnd/117644765 http://www.wikidata.org/entity/Q368966 https://de.wikipedia.org/wiki/Eug%C3%A8ne_Schneider,nein,nein
SZDPER.1278,"Schönerer, Georg von",http://d-nb.info/gnd/118610163 http://www.wikidata.org/entity/Q112005 https://de.wikipedia.org/wiki/Georg_von_Sch%C3%B6nerer,nein,nein
SZDPER.1282,"Schratt, Katharina",http://d-nb.info/gnd/118759280 http://www.wikidata.org/entity/Q78534 https://de.wikipedia.org/wiki/Katharina_Schratt,nein,nein
SZDPER.1287,"Schrödinger, Erwin",http://d-nb.info/gnd/118823574 http://www.wikidata.org/entity/Q9130 https://de.wikipedia.org/wiki/Erwin_Schr%C3%B6dinger,ja,nein
SZDPER.1289,"Schuhmeier, Franz",http://d-nb.info/gnd/129264024 http://www.wikidata.org/entity/Q1031252 https://de.wikipedia.org/wiki/Franz_Schuhmeier,nein,nein
SZDPER.1293,"Schuschnigg, Kurt",http://d-nb.info/gnd/118762702 http://www.wikidata.org/entity/Q738635 https://de.wikipedia.org/wiki/Kurt_Schuschnigg,nein,nein
SZDPER.1297,"Schwind, Moritz von",http://d-nb.info/gnd/118612271 http://www.wikidata.org/entity/Q551901 https://de.wikipedia.org/wiki/Moritz_von_Schwind,nein,nein
SZDPER.1303,"Seipel, Ignaz",http://d-nb.info/gnd/11861293X http://www.wikidata.org/entity/Q78720 https://de.wikipedia.org/wiki/Ignaz_Seipel,nein,nein
SZDPER.1314,"Sholes, Christopher Latham",http://d-nb.info/gnd/12409001X http://www.wikidata.org/entity/Q453351 https://de.wikipedia.org/wiki/Christopher_Latham_Sholes,nein,nein
SZDPER.1319,"Sieghart, Rudolf",http://d-nb.info/gnd/117364452 http://www.wikidata.org/entity/Q2173813 https://de.wikipedia.org/wiki/Rudolf_Sieghart,nein,nein
SZDPER.1326,"Sobotka, Oskar",http://d-nb.info/gnd/1160544751,ja,nein
SZDPER.1332,"Sonnenthal, Adolf von",http://d-nb.info/gnd/119343207 http://www.wikidata.org/entity/Q84769 https://de.wikipedia.org/wiki/Adolf_von_Sonnenthal,nein,nein
SZDPER.1333,Sophokles,http://d-nb.info/gnd/118615688 http://www.wikidata.org/entity/Q7235 https://de.wikipedia.org/wiki/Sophokles,nein,nein
SZDPER.1334,"Sorel, Georges",http://d-nb.info/gnd/118751549 http://www.wikidata.org/entity/Q313666 https://de.wikipedia.org/wiki/Georges_Sorel,nein,nein
SZDPER.1335,"Sosnosky, Theodor von",http://d-nb.info/gnd/117483893 http://www.wikidata.org/entity/Q2418564 https://de.wikipedia.org/wiki/Theodor_von_Sosnosky,nein,nein
SZDPER.1336,"Soulé, Samuel Willard",,nein,nein
SZDPER.1340,"Speidel, Ludwig",http://d-nb.info/gnd/117482684 http://www.wikidata.org/entity/Q1875043 https://de.wikipedia.org/wiki/Ludwig_Speidel,nein,nein
SZDPER.1341,"Spengler, Oswald",http://d-nb.info/gnd/118616110 http://www.wikidata.org/entity/Q57112 https://de.wikipedia.org/wiki/Oswald_Spengler,nein,nein
SZDPER.1347,"Stalin, Josef",http://d-nb.info/gnd/118642499 http://www.wikidata.org/entity/Q855 https://de.wikipedia.org/wiki/Josef_Stalin,nein,nein
SZDPER.1348,"Stappen, Charles van der",http://d-nb.info/gnd/117213055 http://www.wikidata.org/entity/Q860272 https://de.wikipedia.org/wiki/Charles_van_der_Stappen,ja,nein
SZDPER.1349,"Starhemberg, Ernst Rüdiger",http://d-nb.info/gnd/118752804 http://www.wikidata.org/entity/Q78664 https://de.wikipedia.org/wiki/Ernst_R%C3%BCdiger_Starhemberg,nein,nein
SZDPER.1352,"Stein, Karl vom und zum",http://d-nb.info/gnd/118617273 http://www.wikidata.org/entity/Q213542 https://de.wikipedia.org/wiki/Heinrich_Friedrich_Karl_vom_und_zum_Stein,nein,nein
SZDPER.1359,"Stinnes, Hugo",http://d-nb.info/gnd/118618229 http://www.wikidata.org/entity/Q66864 https://de.wikipedia.org/wiki/Hugo_Stinnes,nein,nein
SZDPER.1369,"Straus, Oscar",http://d-nb.info/gnd/11875582X http://www.wikidata.org/entity/Q206667 https://de.wikipedia.org/wiki/Oscar_Straus_%28Komponist%29,nein,nein
SZDPER.1370,"Strauss, Alice",http://d-nb.info/gnd/117311723,nein,nein
SZDPER.1371,"Strauss, Franz",http://d-nb.info/gnd/11731191X,ja,nein
SZDPER.1372,"Strauss, Franz Adolf Christian",,nein,nein
SZDPER.1375,"Strauss, Richard Max Emanuel",,nein,nein
SZDPER.1377,"Streicher, Julius",http://d-nb.info/gnd/118619233 http://www.wikidata.org/entity/Q76984 https://de.wikipedia.org/wiki/Julius_Streicher,nein,nein
SZDPER.1379,"Stringa, Alberto",http://d-nb.info/gnd/121089193,ja,nein
SZDPER.1389,"Suttner, Bertha von",http://d-nb.info/gnd/118620126 http://www.wikidata.org/entity/Q18456 https://de.wikipedia.org/wiki/Bertha_von_Suttner,ja,nein
SZDPER.1394,"Szegö, István",,nein,nein
SZDPER.1397,"Taine, Hippolyte",http://d-nb.info/gnd/11862055X http://www.wikidata.org/entity/Q297726 https://de.wikipedia.org/wiki/Hippolyte_Taine,nein,nein
SZDPER.1401,"Tardieu, André",http://d-nb.info/gnd/118801368 http://www.wikidata.org/entity/Q346648 https://de.wikipedia.org/wiki/Andr%C3%A9_Tardieu,nein,nein
SZDPER.1403,"Techow, Ernst-Werner",http://d-nb.info/gnd/124790801 http://www.wikidata.org/entity/Q101178 https://de.wikipedia.org/wiki/Ernst_Werner_Techow,nein,nein
SZDPER.1405,"Telemann, Georg Philipp",http://d-nb.info/gnd/11862119X http://www.wikidata.org/entity/Q75854 https://de.wikipedia.org/wiki/Georg_Philipp_Telemann,nein,nein
SZDPER.1407,"Teltscher, Josef Eduard",http://d-nb.info/gnd/1074258703 http://www.wikidata.org/entity/Q873357 https://de.wikipedia.org/wiki/Joseph_Teltscher,ja,nein
SZDPER.1408,"Temperley, Harold",http://d-nb.info/gnd/119113961 http://www.wikidata.org/entity/Q8514887 https://de.wikipedia.org/wiki/Harold_Temperley,nein,nein
SZDPER.1413,"Thackeray, William Makepeace",http://d-nb.info/gnd/118621483 http://www.wikidata.org/entity/Q167768 https://de.wikipedia.org/wiki/William_Makepeace_Thackeray,nein,nein
SZDPER.1421,"Thun, Maria Wilhelmine von",http://d-nb.info/gnd/1046110330 http://www.wikidata.org/entity/Q6761654,nein,nein
SZDPER.1427,Tizian,http://d-nb.info/gnd/118622994 http://www.wikidata.org/entity/Q47551,nein,nein
SZDPER.1439,"Trotzki, Leo",http://d-nb.info/gnd/118642979 http://www.wikidata.org/entity/Q33391 https://de.wikipedia.org/wiki/Leo_Trotzki,nein,nein
SZDPER.1447,"Vanzetti, Bartolomeo",http://d-nb.info/gnd/118626094 http://www.wikidata.org/entity/Q2886112,nein,nein
SZDPER.1452,"Velázquez, Diego",http://d-nb.info/gnd/118626426 http://www.wikidata.org/entity/Q297 https://de.wikipedia.org/wiki/Diego_Vel%C3%A1zquez,nein,nein
SZDPER.1453,"Velde, Henry van de",http://d-nb.info/gnd/118626442 http://www.wikidata.org/entity/Q154083 https://de.wikipedia.org/wiki/Henry_van_de_Velde,nein,nein
SZDPER.1457,Vercingetorix,http://d-nb.info/gnd/118804170 http://www.wikidata.org/entity/Q178953 https://de.wikipedia.org/wiki/Vercingetorix,nein,nein
SZDPER.1459,"Verdaguer Travesi, Mario",http://d-nb.info/gnd/118898949,nein,nein
SZDPER.1464,"Vermeer van Delft, Jan",http://d-nb.info/gnd/118626590 http://www.wikidata.org/entity/Q41264 https://de.wikipedia.org/wiki/Jan_Vermeer,nein,nein
SZDPER.1468,"Victoria, Königin von Großbritannien",http://d-nb.info/gnd/118626876 http://www.wikidata.org/entity/Q9439 https://de.wikipedia.org/wiki/Victoria_%28Vereinigtes_K%C3%B6nigreich%29,nein,nein
SZDPER.1474,"Vogel, Carl",http://d-nb.info/gnd/117471275 http://www.wikidata.org/entity/Q1040896 https://de.wikipedia.org/wiki/Carl_Vogel_%28Leibarzt%29,nein,nein
SZDPER.1484,"Wagner, Cosima",http://d-nb.info/gnd/118628232 http://www.wikidata.org/entity/Q75789 https://de.wikipedia.org/wiki/Cosima_Wagner,nein,nein
SZDPER.1490,"Wallmann, Margarethe",http://d-nb.info/gnd/117126780 http://www.wikidata.org/entity/Q214024 https://de.wikipedia.org/wiki/Margherita_Wallmann,nein,nein
SZDPER.1491,"Walpole, Hugh",http://d-nb.info/gnd/118806041 http://www.wikidata.org/entity/Q548004 https://de.wikipedia.org/wiki/Hugh_Walpole,ja,nein
SZDPER.1493,"Warburg, Aby",http://d-nb.info/gnd/11862914X http://www.wikidata.org/entity/Q60185 https://de.wikipedia.org/wiki/Aby_Warburg,nein,nein
SZDPER.1498,"Wedekind, Donald",http://d-nb.info/gnd/117204110 http://www.wikidata.org/entity/Q1240463 https://de.wikipedia.org/wiki/Donald_Wedekind,nein,nein
SZDPER.1499,"Wedekind, Erika",http://d-nb.info/gnd/117204307 http://www.wikidata.org/entity/Q91728 https://de.wikipedia.org/wiki/Erika_Wedekind,nein,nein
SZDPER.1510,"Weygand, Maxime",http://d-nb.info/gnd/118807072 http://www.wikidata.org/entity/Q170357 https://de.wikipedia.org/wiki/Maxime_Weygand,nein,nein
SZDPER.1512,"Steed, Henry Wickham",http://d-nb.info/gnd/120199939 http://www.wikidata.org/entity/Q1607412 https://de.wikipedia.org/wiki/Henry_Wickham_Steed,nein,nein
SZDPER.1518,"Wieser, Friedrich von",http://d-nb.info/gnd/119111403 http://www.wikidata.org/entity/Q84482 https://de.wikipedia.org/wiki/Friedrich_von_Wieser,nein,nein
SZDPER.1526,"Wilson, Edith Bolling Galt",http://d-nb.info/gnd/123911095 http://www.wikidata.org/entity/Q255169 https://de.wikipedia.org/wiki/Edith_Wilson,nein,nein
SZDPER.1527,"Wilson, Woodrow",http://d-nb.info/gnd/118643401 http://www.wikidata.org/entity/Q34296 https://de.wikipedia.org/wiki/Woodrow_Wilson,ja,nein
SZDPER.1536,"Wolter, Charlotte",http://d-nb.info/gnd/11880782X http://www.wikidata.org/entity/Q72173 https://de.wikipedia.org/wiki/Charlotte_Wolter,nein,nein
SZDPER.1537,"Wright, Orville",http://d-nb.info/gnd/118635336 http://www.wikidata.org/entity/Q494455 https://de.wikipedia.org/wiki/Orville_Wright,nein,nein
SZDPER.1538,"Wright, Wilbur",http://d-nb.info/gnd/118635352 http://www.wikidata.org/entity/Q1396131 https://de.wikipedia.org/wiki/Wilbur_Wright,nein,nein
SZDPER.1540,"Wundt, Wilhelm",http://d-nb.info/gnd/11863562X http://www.wikidata.org/entity/Q75814 https://de.wikipedia.org/wiki/Wilhelm_Wundt,nein,nein
SZDPER.1543,"Yorck von Wartenburg, Hans Ludwig",http://d-nb.info/gnd/13401426X,nein,nein
SZDPER.1545,"Zeppelin, Ferdinand von",http://d-nb.info/gnd/118636545 http://www.wikidata.org/entity/Q75780 https://de.wikipedia.org/wiki/Ferdinand_von_Zeppelin,nein,nein
SZDPER.1557,"Zweig, Hermann",http://d-nb.info/gnd/115026702X,nein,nein
SZDPER.1565,"Magellan, Fernando de",http://d-nb.info/gnd/117518530 http://www.wikidata.org/entity/Q1496 https://de.wikipedia.org/wiki/Ferdinand_Magellan,ja,nein
SZDPER.1566,"Nüll, Eduard van der",http://d-nb.info/gnd/118735691 http://www.wikidata.org/entity/Q78979 https://de.wikipedia.org/wiki/Eduard_van_der_N%C3%BCll,ja,nein
SZDPER.1567,"Siccard von Siccardsburg, August",http://d-nb.info/gnd/118765108 http://www.wikidata.org/entity/Q78968 https://de.wikipedia.org/wiki/August_Sicard_von_Sicardsburg,ja,nein
SZDPER.1570,"Zarek, Otto",http://d-nb.info/gnd/116966378 http://www.wikidata.org/entity/Q2041081 https://de.wikipedia.org/wiki/Otto_Zarek,ja,nein
SZDPER.1577,"Scherzer, Johann Adam",http://d-nb.info/gnd/100332811 http://www.wikidata.org/entity/Q1692252 https://de.wikipedia.org/wiki/Johann_Adam_Schertzer,ja,nein
SZDPER.1629,"Gerstenbergk, Heinrich von",http://d-nb.info/gnd/116593822,ja,nein
SZDPER.1630,"Macret, Charles François Adrien",http://d-nb.info/gnd/1037385446,ja,nein
SZDPER.1631,"Malfatti, Therese",http://d-nb.info/gnd/1037757114,ja,nein
SZDPER.1632,"Meißner, Christian Gottlob",http://d-nb.info/gnd/1155033477,ja,nein
SZDPER.1633,"Sinclair, Isaak von",http://d-nb.info/gnd/118614622,ja,nein
SZDPER.1634,"Verhaeren, Marthe",http://d-nb.info/gnd/119368501,ja,nein
SZDPER.1635,"Weber, Constanze",http://d-nb.info/gnd/11873721X,ja,nein
SZDPER.1636,"Sutter, Johann August",http://d-nb.info/gnd/118757938,ja,nein
SZDPER.1637,"Balboa, Vasco Núñez de",http://d-nb.info/gnd/118652052,ja,nein
SZDPER.1638,"Levetzow, Ulrike von",http://d-nb.info/gnd/118727907,ja,nein
SZDPER.1639,"Nietzsche, Franziska",http://d-nb.info/gnd/119158582,ja,nein
SZDPER.1640,"Samaran, Charles",http://d-nb.info/gnd/124509665,ja,nein
SZDPER.1641,"Mayrhofer, J.",http://d-nb.info/gnd/119045451,ja,nein
SZDPER.1642,"Vespucci, Amerigo",http://d-nb.info/gnd/118768247,ja,nein
SZDPER.1646,"Müller-Chohen, Anitta",http://d-nb.info/gnd/133817768,ja,nein
SZDPER.1647,"Faerber, Meir",http://d-nb.info/gnd/120217767,ja,nein
SZDPER.1648,"Seelig, Carl",http://d-nb.info/gnd/118612670,ja,nein
SZDPER.1649,"Urzidil, Johannes",http://d-nb.info/gnd/118763938,nein,nein
SZDPER.1650,"Berg, Jimmy",http://d-nb.info/gnd/116129611,nein,nein
SZDPER.1651,"Shuster, George N.",http://d-nb.info/gnd/119187698,nein,nein
SZDPER.1652,"Fitzbauer, Erich",http://d-nb.info/gnd/119137186,ja,nein
SZDPER.1654,"Latzko, Stella",http://d-nb.info/gnd/116865105,ja,nein
SZDPER.1655,"Hunt, Robert Nigel Carew",http://d-nb.info/gnd/122012372,ja,nein
SZDPER.1656,"Siemsen, Hans",http://d-nb.info/gnd/11884699X,ja,nein
SZDPER.1657,Unidentified signatures,,nein,nein
SZDPER.1659,"Joint Broadcasting Committee, London",,nein,nein
SZDPER.1660,"Chapiro, Joseph",http://d-nb.info/gnd/11648828X,ja,nein
SZDPER.1661,"Benaroya, Mois (1896–1967)",,nein,nein
SZDPER.1662,"Breuer, Robert",http://d-nb.info/gnd/118858270,ja,nein
SZDPER.1663,"Vrchlický, Jaroslav",http://d-nb.info/gnd/118805789,ja,nein
SZDPER.1664,"Curie, Eve",http://d-nb.info/gnd/131488910,ja,nein
SZDPER.1665,"Maril, Konrad",http://d-nb.info/gnd/116781130,nein,nein
SZDPER.1666,"Devrient, Max",http://d-nb.info/gnd/116089067,ja,nein
SZDPER.1667,"Fischer, Eduard Wilhelm",http://d-nb.info/gnd/1057550620,ja,nein
SZDPER.1668,"Werfel, Rudolf",http://d-nb.info/gnd/1208255282,ja,nein
SZDPER.1669,"Tabori, Paul",http://d-nb.info/gnd/107562278,ja,nein
SZDPER.1673,Authors Guild,,nein,nein
SZDPER.1676,"Reimers, Georg",http://d-nb.info/gnd/11641488X,ja,nein
SZDPER.1677,"Schimanski, K. S.",,nein,nein
SZDPER.1678,"Fleischer, Victor",http://d-nb.info/gnd/116601485,ja,nein
SZDPER.1679,"Merrill, Stuart",http://d-nb.info/gnd/1145474268,ja,nein
SZDPER.1680,"Blewitt, Trevor (b. 1900) and Phyllis",http://d-nb.info/gnd/1037465881 / http://d-nb.info/gnd/1037465261,ja,nein
SZDPER.1681,"Herzog, Wilhelm",http://d-nb.info/gnd/119445980,ja,nein
SZDPER.1683,"Anemoyannis, Georg",,nein,nein
SZDPER.1684,"Martin, Emmy",http://d-nb.info/gnd/11680341X,ja,nein
SZDPER.1685,"Alvaro, Corrado",http://d-nb.info/gnd/118644947,ja,nein
SZDPER.1686,"Albertini, Alberto",http://d-nb.info/gnd/133340090,ja,nein
SZDPER.1687,"Scheyer, Moriz",http://d-nb.info/gnd/130144029,nein,nein
SZDPER.1688,Les Conferénces des Ambassadeurs,,nein,nein
SZDPER.1690,"Liebert, Arthur",http://d-nb.info/gnd/116996579,ja,nein
SZDPER.1692,"Agnon, Samuel Josef",http://d-nb.info/gnd/118501038,ja,nein
SZDPER.1693,"James, Edward Frank Willis",http://d-nb.info/gnd/12162918X,ja,nein
SZDPER.1694,"Wiecke, Paul",http://d-nb.info/gnd/117346926,ja,nein
SZDPER.1696,"Pange, Pauline de",http://d-nb.info/gnd/106926942,ja,nein
SZDPER.1697,"Friedmann, Wilhelm",http://d-nb.info/gnd/121382389,ja,nein
SZDPER.1698,"Jahn, Rolf",http://d-nb.info/gnd/130028363,ja,nein
SZDPER.1699,"Ammers-Küller, Jo van",http://d-nb.info/gnd/116299215,ja,nein
SZDPER.1700,"Unger, Max",http://d-nb.info/gnd/117293385,ja,nein
SZDPER.1701,"Dujardin, Edouard",http://d-nb.info/gnd/118672649,ja,nein
SZDPER.1702,"Wolff, Theodor",http://d-nb.info/gnd/118634844,ja,nein
SZDPER.1703,"Eeden, Frederik van",http://d-nb.info/gnd/118969846,ja,nein
SZDPER.1705,"Coudenhove-Kalergi, Richard Nicolaus von",http://d-nb.info/gnd/118677101,ja,nein
SZDPER.1706,"Vicaire, Georges",http://d-nb.info/gnd/174162634,ja,nein
SZDPER.1707,"Lagoa, João António de Mascarenhas Judice de",http://d-nb.info/gnd/123968771,ja,nein
SZDPER.1708,"Wiegler, Paul",http://d-nb.info/gnd/117361275,ja,nein
SZDPER.1711,"Spielhagen, Friedrich",http://d-nb.info/gnd/118616196,ja,nein
SZDPER.1712,"Seippel, Paul",http://d-nb.info/gnd/117471852,ja,nein
SZDPER.1713,"Franke, Hans",http://d-nb.info/gnd/118919113,ja,nein
SZDPER.1714,"Spilliaert, Léon",http://d-nb.info/gnd/119509482,ja,nein
SZDPER.1715,"Chardonne, Jacques",http://d-nb.info/gnd/118669095,ja,nein
SZDPER.1716,"Münchhausen, Börries von",http://d-nb.info/gnd/118785273,ja,nein
SZDPER.1717,"Weigand, Wilhelm",http://d-nb.info/gnd/117241849,ja,nein
SZDPER.1719,"Forster, Edward Morgan",http://d-nb.info/gnd/118534408,ja,nein
SZDPER.1720,"Bloch, Ernest",http://d-nb.info/gnd/118852213,ja,nein
SZDPER.1722,"Broch, Hermann",http://d-nb.info/gnd/118515551,ja,nein
SZDPER.1724,"Pachter, Henry Maximilian",http://d-nb.info/gnd/116015047,ja,nein
SZDPER.1725,"Bojer, Ellen",,nein,nein
SZDPER.1726,"Rubiner, Ludwig",http://d-nb.info/gnd/118603590,ja,nein
SZDPER.1727,"Butler, Eliza Marian",http://d-nb.info/gnd/127247122,ja,nein
SZDPER.1729,"Minde-Pouet, Georg",http://d-nb.info/gnd/118784099,ja,nein
SZDPER.1730,"Edwards, Agustín",http://d-nb.info/gnd/143555103,ja,nein
SZDPER.1731,"Isenstein, Harald Kurt (1898-1980)",,nein,nein
SZDPER.1732,"Lenth, Bert",http://d-nb.info/gnd/116910054,ja,nein
SZDPER.1733,"Lothar, Ernst",http://d-nb.info/gnd/118574523,ja,nein
SZDPER.1734,Sil-Vara,http://d-nb.info/gnd/117383392,ja,nein
SZDPER.1735,"Home Office, Whitehall",,nein,nein
SZDPER.1736,"Franco, Caio de Mello",http://d-nb.info/gnd/1100390251,ja,nein
SZDPER.1737,"Burger, Ferdinand",http://d-nb.info/gnd/1079800492,ja,nein
SZDPER.1738,"Jacob, Heinrich Eduard",http://d-nb.info/gnd/118835327,ja,nein
SZDPER.1740,"Mann, Franziska",http://d-nb.info/gnd/116732296,ja,nein
SZDPER.1742,"Wilbrandt-Baudius, Auguste",http://d-nb.info/gnd/117378186,ja,nein
SZDPER.1746,"Hohenlohe-Schillingsfürst, Alexander",http://d-nb.info/gnd/116953926,ja,nein
SZDPER.1747,"Neumann, Alfred",http://d-nb.info/gnd/1102188190,nein,nein
SZDPER.1748,"Carr, Edward Hallet",http://d-nb.info/gnd/118668528,ja,nein
SZDPER.1749,"Adelt, Leonhard",http://d-nb.info/gnd/116007605 https://www.wikidata.org/wiki/Q91013 https://de.wikipedia.org/wiki/Leonhard_Adelt,ja,nein
SZDPER.1750,Isaacs,,nein,nein
SZDPER.1751,"Geyer, Ernst",http://d-nb.info/gnd/116602953,ja,nein
SZDPER.1752,"Bauer-Fromme, Clärle",http://d-nb.info/gnd/116087048,ja,nein
SZDPER.1753,"Castro, Ferreira de",http://d-nb.info/gnd/119049503,ja,nein
SZDPER.1754,"Albert-Lasard, Lou",http://d-nb.info/gnd/118501526,ja,nein
SZDPER.1755,"Zech, Hilda",http://d-nb.info/gnd/1042356041,ja,nein
SZDPER.1756,"Pernter, Hans",http://d-nb.info/gnd/127900837,ja,nein
SZDPER.1758,"Friedenthal, Richard (1896-1979)",http://d-nb.info/gnd/118535579,ja,nein
SZDPER.1759,"Rolland, Madeleine",http://d-nb.info/gnd/116601450,ja,nein
SZDPER.1760,"Green, Julien",http://d-nb.info/gnd/118541765,ja,nein
SZDPER.1761,"Carlow(?), J.",,nein,nein
SZDPER.1763,"Fischer, Ernst",http://d-nb.info/gnd/118691163,ja,nein
SZDPER.1764,"Margueritte, Victor",http://d-nb.info/gnd/11904580X,ja,nein
SZDPER.1765,"Bermann, Richard Arnold",http://d-nb.info/gnd/119292254,ja,nein
SZDPER.1766,"Hostovsky, Egon F.",http://d-nb.info/gnd/118775022,ja,nein
SZDPER.1767,"Fritz, Hans",,nein,nein
SZDPER.1771,"Ould, Hermon",http://d-nb.info/gnd/117190829,ja,nein
SZDPER.1772,"Low, David",http://d-nb.info/gnd/128912707,ja,nein
SZDPER.1773,"Greene, Graham",http://d-nb.info/gnd/11854179X,ja,nein
SZDPER.1774,"Rivière, Jacques",http://d-nb.info/gnd/118601385,ja,nein
SZDPER.1775,"Herdan-Zuckmayer, Alice",http://d-nb.info/gnd/118549545,ja,nein
SZDPER.1776,"Kerber, Erwin",http://d-nb.info/gnd/1161313577,ja,nein
SZDPER.1778,"Beauduin, Nicolas",http://d-nb.info/gnd/1209086131,ja,nein
SZDPER.1779,"Strobl, Karl Hans",http://d-nb.info/gnd/119037572,ja,nein
SZDPER.1780,"Fischer, Neschy",,nein,nein
SZDPER.1781,"Wegner, Armin T.",http://d-nb.info/gnd/11862993X,ja,nein
SZDPER.1782,"Feuchtwanger, Lion",http://d-nb.info/gnd/118532715,ja,nein
SZDPER.1783,"Frankl, Egon",http://d-nb.info/gnd/1153738406,ja,nein
SZDPER.1784,"Schmitz, Oscar A. H.",http://d-nb.info/gnd/119328267,ja,nein
SZDPER.1785,"Taube, Otto von",http://d-nb.info/gnd/118756249,ja,nein
SZDPER.1787,"Jannings, Emil",http://d-nb.info/gnd/118556932,ja,nein
SZDPER.1788,"Pannwitz, Rudolf",http://d-nb.info/gnd/118739166,ja,nein
SZDPER.1789,"Fürstner, Adolph",http://d-nb.info/gnd/116847220,ja,nein
SZDPER.1790,"Hudson, Stephen",http://d-nb.info/gnd/173226892,ja,nein
SZDPER.1791,Wydawnictwo J. Przeworskiego (publishing house),,nein,nein
SZDPER.1793,"Kippenberg, Katharina",http://d-nb.info/gnd/11872309X,ja,nein
SZDPER.1794,"Vollmoeller, Karl Gustav",http://d-nb.info/gnd/118805681,ja,nein
SZDPER.1795,"Busoni, Rafaello",http://d-nb.info/gnd/105070920,ja,nein
SZDPER.1796,"Weiss, Julian",http://d-nb.info/gnd/117291048,ja,nein
SZDPER.1797,"Silone, Ignazio",http://d-nb.info/gnd/118797220,ja,nein
SZDPER.1799,"Faesi, Jenny",http://d-nb.info/gnd/11637957X,ja,nein
SZDPER.1801,"Adler, Alfred",http://d-nb.info/gnd/118500686 https://www.wikidata.org/wiki/Q152393 https://de.wikipedia.org/wiki/Alfred_Adler,ja,nein
SZDPER.1802,"Jacobsohn, Siegfried",http://d-nb.info/gnd/118556371,ja,nein
SZDPER.1803,"Frank, Bruno",http://d-nb.info/gnd/118702866,ja,nein
SZDPER.1804,Filed as Unidentified signatures:,,nein,nein
SZDPER.1805,Filed as Zweig Family:,,nein,nein
SZDPER.1806,"Maugham, William Somerset",http://d-nb.info/gnd/104298324,ja,nein
SZDPER.1807,"Lidin, Vladimir Germanovič",http://d-nb.info/gnd/116986689,ja,nein
SZDPER.1808,"Bauer, Klaus",,nein,nein
SZDPER.1810,"Tressler, Otto",http://d-nb.info/gnd/117414719,ja,nein
SZDPER.1811,"Gui, Vittorio",http://d-nb.info/gnd/124546307,ja,nein
SZDPER.1812,"Breitner, Hugo",http://d-nb.info/gnd/119179504,ja,nein
SZDPER.1813,"Auernheimer, Irene Beate",http://d-nb.info/gnd/116377577,ja,nein
SZDPER.1814,"Fischer, Samuel",http://d-nb.info/gnd/118691406,ja,nein
SZDPER.1815,"Fülöp-Miller, René (pseudonym of Philipp Müller",http://d-nb.info/gnd/116845740,ja,nein
SZDPER.1816,"Jessenin, Sophie",http://d-nb.info/gnd/137053428,ja,nein
SZDPER.1817,"Brophy, John",,nein,nein
SZDPER.1818,"Schestow, Leo",http://d-nb.info/gnd/118796739,ja,nein
SZDPER.1819,"Hirschfeld, Georg (1873-1942)",,nein,nein
SZDPER.1821,"Deutsch, Ernst",http://d-nb.info/gnd/118678019,ja,nein
SZDPER.1822,"Fisher, Peter Thomas",http://d-nb.info/gnd/116561815,ja,nein
SZDPER.1823,"Zoff, Otto",http://d-nb.info/gnd/118773100,ja,nein
SZDPER.1824,"Huberman, Bronisław",http://d-nb.info/gnd/129680788,ja,nein
SZDPER.1825,"Mardon-Holzamer, Nina",http://d-nb.info/gnd/116768061,ja,nein
SZDPER.1826,"Fedin, Konstantin",http://d-nb.info/gnd/118686399,ja,nein
SZDPER.1828,"Kahn, Gustave",http://d-nb.info/gnd/118776576,ja,nein
SZDPER.1829,"Velde, Theodor Hendrick van de",http://d-nb.info/gnd/117368903,ja,nein
SZDPER.1830,"Gregor, Lizzi",,nein,nein
SZDPER.1833,"Woolf, Virginia",http://d-nb.info/gnd/118635174,ja,nein
SZDPER.1834,"Rainalter, Erwin Herbert",http://d-nb.info/gnd/118748912,ja,nein
SZDPER.1836,"Balzás, Béla",http://d-nb.info/gnd/119010305,ja,nein
SZDPER.1837,"Viertel, Berthold",http://d-nb.info/gnd/118768395,ja,nein
SZDPER.1839,"Tharaud, Jean",http://d-nb.info/gnd/118801759,ja,nein
SZDPER.1841,"Rie, Robert",http://d-nb.info/gnd/11860063X,ja,nein
SZDPER.1842,"Pourtalès, Guy de",http://d-nb.info/gnd/11879311X,ja,nein
SZDPER.1843,"Cain, Julien",http://d-nb.info/gnd/116430834,ja,nein
SZDPER.1846,"Steinrück, Albert",http://d-nb.info/gnd/117263923,ja,nein
SZDPER.1847,"Kvapil, Jaroslav",http://d-nb.info/gnd/118778293,ja,nein
SZDPER.1848,"Franckenstein, Georg von",http://d-nb.info/gnd/127621636,ja,nein
SZDPER.1849,"Brossa, Joan",http://d-nb.info/gnd/118870068,nein,nein
SZDPER.1850,"Hutchinson, Ray Coryton",http://d-nb.info/gnd/123462916,ja,nein
SZDPER.1851,"Forman, Maurice Buxton",http://d-nb.info/gnd/1157514561,ja,nein
SZDPER.1852,"Flesch, Josef",http://d-nb.info/gnd/116613890,ja,nein
SZDPER.1853,"Tolstoy, Olga",http://d-nb.info/gnd/1158127901,ja,nein
SZDPER.1855,"Stucken, Ania",http://d-nb.info/gnd/117353728,ja,nein
SZDPER.1857,"Ghéon, Henri",http://d-nb.info/gnd/118717200,ja,nein
SZDPER.1858,"Selkowitsch, Herbert",http://d-nb.info/gnd/11055719711,ja,nein
SZDPER.1859,"Paz, Magdeleine",http://d-nb.info/gnd/1089457669,ja,nein
SZDPER.1860,"Donath, Adolph",http://d-nb.info/gnd/11947042X,ja,nein
SZDPER.1861,"Manner, Friederike",http://d-nb.info/gnd/116733829,ja,nein
SZDPER.1862,"Cortot, Alfred",http://d-nb.info/gnd/119351064,ja,nein
SZDPER.1863,"Thimig, Hugo",http://d-nb.info/gnd/11875713X,ja,nein
SZDPER.1864,"Beierle, Alfred",http://d-nb.info/gnd/116111976,ja,nein
SZDPER.1865,"Neumann, Alfred",http://d-nb.info/gnd/118587250,ja,nein
SZDPER.1866,"Baxter, A. Beverly",http://d-nb.info/gnd/1150268573,ja,nein
SZDPER.1868,Zweig Family,,nein,nein
SZDPER.1870,"Braun, Robert",http://d-nb.info/gnd/118673572,ja,nein
SZDPER.1871,"Bley, Paul",http://d-nb.info/gnd/109635490X,ja,nein
SZDPER.1873,"Eddy, Mary Baker",http://d-nb.info/gnd/118687778,ja,nein
SZDPER.1874,"Weingartner, Felix",http://d-nb.info/gnd/11863027X,ja,nein
SZDPER.1875,"Mendel, Alfred Oskar",http://d-nb.info/gnd/126605955,ja,nein
SZDPER.1877,"Asch, Mathilda",,nein,nein
SZDPER.1879,"De Wahl, Anders",http://d-nb.info/gnd/1160612331,ja,nein
SZDPER.1880,"Ulitz, Emil (=Utitz",,nein,nein
SZDPER.1881,"Mahler-Werfel, Alma",http://d-nb.info/gnd/11857633X,ja,nein
SZDPER.1883,"Kästner, Erich",http://d-nb.info/gnd/118559206,ja,nein
SZDPER.1884,"Colin, Paul",,nein,nein
SZDPER.1886,"Eisenstein, Sergei",http://d-nb.info/gnd/118529684,ja,nein
SZDPER.1887,"Rysselberghe, Théo van",http://d-nb.info/gnd/118745328,ja,nein
SZDPER.1888,"Rosenheim, Felix",http://d-nb.info/gnd/116624302,ja,nein
SZDPER.1890,"Tolstoi, Alexandra",http://d-nb.info/gnd/118642898,ja,nein
SZDPER.1892,"Duhamel, Blanche",http://d-nb.info/gnd/133018709,ja,nein
SZDPER.1893,"Körmendi, Ferenc (1900-1972)",http://d-nb.info/gnd/101207492,ja,nein
SZDPER.1894,"Balser-Eberle, Vera",http://d-nb.info/gnd/1017960771,ja,nein
SZDPER.1895,"Remarque, Erich Maria",http://d-nb.info/gnd/118599631,ja,nein
SZDPER.1896,"Stehr, Hermann",http://d-nb.info/gnd/118617133,ja,nein
SZDPER.1899,Britain in Pictures,,nein,nein
SZDPER.1901,"Ullmann, Ludwig",http://d-nb.info/gnd/119505606,ja,nein
SZDPER.1903,"Tal, Lucy",http://d-nb.info/gnd/130161233,ja,nein
SZDPER.1904,"Bruckner, Ferdinand",http://d-nb.info/gnd/118515802,ja,nein
SZDPER.1905,"Vorms, Pierre",http://d-nb.info/gnd/117493783,ja,nein
SZDPER.1907,"Chermont, Jayme Sloan",http://d-nb.info/gnd/1180924266,ja,nein
SZDPER.1909,"Kornfeld, Paul",http://d-nb.info/gnd/118565494,ja,nein
SZDPER.1910,"Le Fauconnier, Henri",http://d-nb.info/gnd/128866748,ja,nein
SZDPER.1911,"Zimmerli, Jakob",http://d-nb.info/gnd/1055156143,ja,nein
SZDPER.1912,"Heymann, Fritz",http://d-nb.info/gnd/116792264,ja,nein
SZDPER.1913,"Tharaud, Jérôme",http://d-nb.info/gnd/118801767,ja,nein
SZDPER.1915,"Csokor, Franz Theodor",http://d-nb.info/gnd/118522914,ja,nein
SZDPER.1917,"Flesch, Carl",http://d-nb.info/gnd/118691805,ja,nein
SZDPER.1918,"Eliasberg, Alexander",http://d-nb.info/gnd/116447788,ja,nein
SZDPER.1919,"Rose, William",http://d-nb.info/gnd/116609303,ja,nein
SZDPER.1921,"Döblin, Alfred",http://d-nb.info/gnd/118526200,ja,nein
SZDPER.1922,"Ullmann, Regina",http://d-nb.info/gnd/118763520,ja,nein
SZDPER.1923,"Henckell, Karl",http://d-nb.info/gnd/118835289,ja,nein
SZDPER.1925,"Tcherikower, Elies",http://d-nb.info/gnd/119118548,ja,nein
SZDPER.1926,"Fulda, Ludwig",http://d-nb.info/gnd/118840452,ja,nein
SZDPER.1927,"Norden, Ruth",http://d-nb.info/gnd/12987468X,ja,nein
SZDPER.1928,"Horch, Franz (1901-1951)",http://d-nb.info/gnd/116982802,ja,nein
SZDPER.1929,"Chiesa, Francesco",http://d-nb.info/gnd/119070421,ja,nein
SZDPER.1931,"Bílek, František",http://d-nb.info/gnd/119174677,ja,nein
SZDPER.1932,"Deacon, William-Arthur",http://d-nb.info/gnd/121082350,ja,nein
SZDPER.1933,"Grund, Peter",,nein,nein
SZDPER.1934,"Joyce, Lucia",http://d-nb.info/gnd/129268542,ja,nein
SZDPER.1935,"Kesten, Hermann (1900-1996)",http://d-nb.info/gnd/1185617155,ja,nein
SZDPER.1936,"Schwerin, Ludwig",http://d-nb.info/gnd/118856030,ja,nein
SZDPER.1937,"Weißgerber, Andreas",http://d-nb.info/gnd/1155545818,ja,nein
SZDPER.1947,"Peat, Harold R.",http://d-nb.info/gnd/1080183906,ja,nein
SZDPER.1948,"Bornstein, Joseph",http://d-nb.info/gnd/124395694,ja,nein
SZDPER.1950,"Lewis, B. Roland",http://d-nb.info/gnd/1055229787,ja,nein
SZDPER.1952,"Mitzky, Dora",http://d-nb.info/gnd/117065781,ja,nein
SZDPER.1954,"Wellesley, Dorothy",http://d-nb.info/gnd/10551858522,nein,nein
SZDPER.1961,"Vachell, Horace Annesley",http://d-nb.info/gnd/1055109463,ja,nein
SZDPER.1962,"Tocker, Sergej",http://d-nb.info/gnd/127587829,ja,nein
SZDPER.1964,"Bloch, Françoise Richard",http://d-nb.info/gnd/118815415,ja,nein
SZDPER.1967,"Schlesinger, Helene",http://d-nb.info/gnd/118904124,ja,nein
SZDPER.1971,"Hünich, Fritz Adolf",http://d-nb.info/gnd/117050296,ja,nein
SZDPER.1972,"Lehner, Frederick J.",http://d-nb.info/gnd/1024322149,ja,nein
SZDPER.1975,The Sunday Times,,nein,nein
SZDPER.1976,"Spender, Stephen",http://d-nb.info/gnd/118751840,ja,nein
SZDPER.1978,"Russel, Archibald G.B.",http://d-nb.info/gnd/116710810,ja,nein
SZDPER.1979,"Lebermann, Norbert",http://d-nb.info/gnd/116849886,ja,nein
SZDPER.1982,"Winder, Ludwig",http://d-nb.info/gnd/118633643,ja,nein
SZDPER.1984,"Björkman, Carl",http://d-nb.info/gnd/118899694,ja,nein
SZDPER.1987,"Morgenstern, Soma",http://d-nb.info/gnd/119188473,ja,nein
SZDPER.1996,Wydawnictwo J. Przeworskiego [publishing house],,nein,nein
SZDPER.1998,"Gruener, Franz",http://d-nb.info/gnd/116888407,ja,nein
SZDPER.2001,"Vallentin-Luchaire, Antonina",http://d-nb.info/gnd/11734155X,ja,nein
SZDPER.2002,"Oppenheimer, George",http://d-nb.info/gnd/1216057214,ja,nein
SZDPER.2003,"Kunitz, Stanley J.",http://d-nb.info/gnd/119498545,ja,nein
SZDPER.2005,"Adler, Elmer",http://d-nb.info/gnd/116007966,ja,nein
SZDPER.2006,"Utitz, Emil",http://d-nb.info/gnd/117323667,ja,nein
SZDPER.2008,"Isenstein, Harald Kurt",http://d-nb.info/gnd/119097206,ja,nein
SZDPER.2009,"Bauer-Mengelberg, Rudolf",http://d-nb.info/gnd/116087056,ja,nein
SZDPER.2011,"Heinemann, Maria",http://d-nb.info/gnd/116662581,ja,nein
SZDPER.2013,"Petzold, Johanna",http://d-nb.info/gnd/1024893561,ja,nein
SZDPER.2022,"Engel, Eduard",http://d-nb.info/gnd/118682059,ja,nein
SZDPER.2023,"Zweig, Beatrice",http://d-nb.info/gnd/119370077,ja,nein
SZDPER.2024,"Mohrenwitz, Lothar",http://d-nb.info/gnd/129968773,ja,nein
SZDPER.2026,"Schimanski, Stefan",http://d-nb.info/gnd/1133111793,ja,nein
SZDPER.2031,"Carlow, George Lionel Seymour Dawson-Damer",http://d-nb.info/gnd/119235102,ja,nein
SZDPER.2032,"Rathje, Arthur",http://d-nb.info/gnd/1104189062,ja,nein
SZDPER.2036,"Heuser, Hermann",http://d-nb.info/gnd/1206135808,ja,nein
SZDPER.2037,"Royce, William Hobart",http://d-nb.info/gnd/12421908X,ja,nein
SZDPER.2039,"Singer, Else",http://d-nb.info/gnd/115998140X,ja,nein
SZDPER.2045,"Gamillscheg, Ernst",http://d-nb.info/gnd/118689398,ja,nein
SZDPER.2048,"Riemerschmid, Werner",http://d-nb.info/gnd/116543779,ja,nein
SZDPER.2050,"Petzold, Hedwig",http://d-nb.info/gnd/1024892964,ja,nein
SZDPER.2052,"Warburg, Siegmund",http://d-nb.info/gnd/118815652,ja,nein
SZDPER.2054,"David, André",http://d-nb.info/gnd/116034920,ja,nein
SZDPER.2060,"Sochaczewer, Hans",http://d-nb.info/gnd/118821547,ja,nein
SZDPER.2062,"Wolf, Edmund",http://d-nb.info/gnd/139727485,ja,nein
SZDPER.2064,"Podbielski, Gert René",http://d-nb.info/gnd/116247460,ja,nein
SZDPER.2065,Tal Lawsuit,,nein,nein
SZDPER.2067,"Scott, Robert Falcon",https://d-nb.info/gnd/118612395 https://www.wikidata.org/wiki/Q102527 https://de.wikipedia.org/wiki/Robert_Falcon_Scott,ja,nein
SZDPER.2068,"Czernin von und zu Chudenitz, Ferdinand",https://d-nb.info/gnd/107849658,ja,nein
SZDPER.2076,"Freud-Bernays, Anna",http://d-nb.info/gnd/128882697,ja,nein
SZDPER.2080,"Reik, Theodor",http://d-nb.info/gnd/118599216,ja,nein
SZDPER.2082,"Lange, Allert de",http://d-nb.info/gnd/116687983 http://www.wikidata.org/entity/Q19834309,ja,nein
SZDPER.2084,Baer,,nein,nein
SZDPER.2086,"Begović, Milan",http://d-nb.info/gnd/119047888 http://www.wikidata.org/entity/Q1278609,ja,nein
SZDPER.2087,"Behrend, Walter",http://d-nb.info/gnd/116110686 https://www.wikidata.org/wiki/Q89360643,ja,nein
SZDPER.2089,"Berger, Gisela von",http://d-nb.info/gnd/130100927 http://www.wikidata.org/entity/Q59653092,ja,nein
SZDPER.2090,"Bergmann, Alfred",http://d-nb.info/gnd/119243229 https://www.wikidata.org/wiki/Q2644701,ja,nein
SZDPER.2091,"Bing, Edward J.",http://d-nb.info/gnd/127851461 https://www.wikidata.org/wiki/Q103969199,ja,nein
SZDPER.2092,Bischoff,,nein,nein
SZDPER.2093,"Bischoff, Friedrich Walter",http://d-nb.info/gnd/118663518 http://www.wikidata.org/entity/Q1458459,nein,nein
SZDPER.2094,"Block, Paul",http://d-nb.info/gnd/116202904 https://www.wikidata.org/wiki/Q94875640,ja,nein
SZDPER.2095,"Rossi, Hedwig",http://d-nb.info/gnd/116631236 http://www.wikidata.org/entity/Q26090098,nein,nein
SZDPER.2097,"Brody, Armand",http://d-nb.info/gnd/115702291X,ja,nein
SZDPER.2100,"Clauser, Suzanne",http://d-nb.info/gnd/1215494157 http://www.wikidata.org/entity/Q98172227,ja,nein
SZDPER.2101,"Clemens, Cyril",http://d-nb.info/gnd/116543191 http://www.wikidata.org/entity/Q56175291,ja,nein
SZDPER.2103,"Coste, Hilde",http://d-nb.info/gnd/116689196 http://www.wikidata.org/entity/Q94750453,ja,nein
SZDPER.2105,"Danowsky, Simeon",https://d-nb.info/gnd/1151957828,ja,nein
SZDPER.2107,"Deißinger, Hans",http://d-nb.info/gnd/130137251 http://www.wikidata.org/entity/Q94911269,ja,nein
SZDPER.2108,"Desprès, Fernand",http://d-nb.info/gnd/1344848494 http://www.wikidata.org/entity/Q19892437,ja,nein
SZDPER.2109,"Diez-Dührkoop, Minya",http://d-nb.info/gnd/116124210 http://www.wikidata.org/entity/Q103057,ja,nein
SZDPER.2110,"Däubler, Theodor",http://d-nb.info/gnd/118850245 http://www.wikidata.org/entity/Q1937725,ja,nein
SZDPER.2113,"Fabijanović, Stephanus",http://d-nb.info/gnd/126255725 http://www.wikidata.org/entity/Q94661722,ja,nein
SZDPER.2114,"Feld, Leo",http://d-nb.info/gnd/116495545 http://www.wikidata.org/entity/Q89341,ja,nein
SZDPER.2115,"Ferenčak, Mirko M.",,nein,nein
SZDPER.2117,"Fontana, Oskar Maurus",http://d-nb.info/gnd/116647523 http://www.wikidata.org/entity/Q88064,ja,nein
SZDPER.2118,"Francé-Harrar, Annie",http://d-nb.info/gnd/116693053 http://www.wikidata.org/entity/Q89853,ja,nein
SZDPER.2119,"Frankl, Paul",http://d-nb.info/gnd/116704179,ja,nein
SZDPER.2120,"Freund, Erich",http://d-nb.info/gnd/116774444,ja,nein
SZDPER.2121,"Diettrich, Fritz",http://d-nb.info/gnd/116116331 https://www.wikidata.org/wiki/Q1466002,ja,nein
SZDPER.2122,"Fuchs, Emil",http://d-nb.info/gnd/1080041869,ja,nein
SZDPER.2123,"Gans, Helmut",http://d-nb.info/gnd/1171011288,ja,nein
SZDPER.2125,"Glücksmann, Heinrich",http://d-nb.info/gnd/116682256 http://www.wikidata.org/entity/Q5700110,ja,nein
SZDPER.2127,"Grafe, Felix",http://d-nb.info/gnd/133275752 http://www.wikidata.org/entity/Q1403482,ja,nein
SZDPER.2128,"Haase, Hermann",http://d-nb.info/gnd/1019871040 http://www.wikidata.org/entity/Q26825335,ja,nein
SZDPER.2129,"Harta, Felix Albrecht",http://d-nb.info/gnd/119318652 http://www.wikidata.org/entity/Q1403307,ja,nein
SZDPER.2131,"Heidelbach, Paul",http://d-nb.info/gnd/116604689 http://www.wikidata.org/entity/Q2060051,ja,nein
SZDPER.2132,"Heilbron, George",,nein,nein
SZDPER.2133,"Henrici, Karl Ernst",http://d-nb.info/gnd/116717904 http://www.wikidata.org/entity/Q1730892,ja,nein
SZDPER.2134,"Hertzka, Yella",http://d-nb.info/gnd/130181749 http://www.wikidata.org/entity/Q21702701,ja,nein
SZDPER.2136,"Herzfried, Oskar",http://d-nb.info/gnd/116318414 https://www.wikidata.org/wiki/Q94748030,nein,nein
SZDPER.2138,"Hohlfeld, Dora",https://d-nb.info/gnd/116957735 http://www.wikidata.org/entity/Q1243615,ja,nein
SZDPER.2139,"Hornuth, Wilhelm",http://d-nb.info/gnd/117009903,ja,nein
SZDPER.2140,"Houin, Charles",http://d-nb.info/gnd/1183854846 http://www.wikidata.org/entity/Q113804660,ja,nein
SZDPER.2141,"Hyrkan, Tóni Devora",http://d-nb.info/gnd/1032027282,ja,nein
SZDPER.2142,Jeanrenaud,,nein,nein
SZDPER.2143,"Kaemmerer, Ami", http://d-nb.info/gnd/1217682775,ja,nein
SZDPER.2144,"Kaemmerer, Maria",http://d-nb.info/gnd/1227874421,ja,nein
SZDPER.2145,"Kalckreuth, Frederic Lewis Dunbar von",http://d-nb.info/gnd/116268700 http://www.wikidata.org/entity/Q94878944,ja,nein
SZDPER.2148,"Klammer, Karl",http://d-nb.info/gnd/119549832 https://www.wikidata.org/wiki/Q1304566,ja,nein
SZDPER.2149,"Korten, Maria",http://d-nb.info/gnd/1078476489 http://www.wikidata.org/entity/Q99407,ja,nein
SZDPER.2150,"Kutscher, Artur",http://d-nb.info/gnd/118725645 https://www.wikidata.org/wiki/Q91863,ja,nein
SZDPER.2151,"Köhler, Richard",http://d-nb.info/gnd/1116101513,ja,nein
SZDPER.2153,Lebisch,,nein,nein
SZDPER.2154,Leischner,,nein,nein
SZDPER.2155,Lichtenstein,,nein,nein
SZDPER.2156,"Lorenz, Felix",http://d-nb.info/gnd/117215376 https://www.wikidata.org/wiki/Q94855810,ja,nein
SZDPER.2157,"Lothar, Mark",http://d-nb.info/gnd/118729179 http://www.wikidata.org/entity/Q1454572,ja,nein
SZDPER.2158,"Lovrić, Božo",http://d-nb.info/gnd/131889087 http://www.wikidata.org/entity/Q95454979,ja,nein
SZDPER.2160,"Meckel, Eberhard",http://d-nb.info/gnd/118579827 http://www.wikidata.org/entity/Q1279217,ja,nein
SZDPER.2163,"Meulenhoff, Johannes Marius",http://d-nb.info/gnd/119331314 http://www.wikidata.org/entity/Q98528005,ja,nein
SZDPER.2165,"Meyer, Richard M.",http://d-nb.info/gnd/119034751 http://www.wikidata.org/entity/Q96393,ja,nein
SZDPER.2167,"Mickoleit, Kurt",http://d-nb.info/gnd/117026565 http://www.wikidata.org/entity/Q101464,ja,nein
SZDPER.2168,"Milićević, Nika",http://d-nb.info/gnd/1309259283 http://www.wikidata.org/entity/Q1008830,ja,nein
SZDPER.2169,"Modern, Klara",http://d-nb.info/gnd/1299371515,ja,nein
SZDPER.2171,"Munsell, Warren P.",http://www.wikidata.org/entity/Q121300879,nein,nein
SZDPER.2173,Müller,,nein,nein
SZDPER.2176,"Oppeln-Bronikowski, Friedrich von",http://d-nb.info/gnd/117136018 http://www.wikidata.org/entity/Q95268,ja,nein
SZDPER.2178,"Osawa, Akira",http://d-nb.info/gnd/140733671,ja,nein
SZDPER.2179,"Paungarten, Ferdinand von",http://d-nb.info/gnd/1231407271,ja,nein
SZDPER.2181,"Pins, Nelly",http://d-nb.info/gnd/141834404,ja,nein
SZDPER.2182,"Pinthus, Kurt",http://d-nb.info/gnd/118742647 http://www.wikidata.org/entity/Q103296,ja,nein
SZDPER.2183,"Piérard, Louis",http://d-nb.info/gnd/119011425 http://www.wikidata.org/entity/Q3262929,ja,nein
SZDPER.2184,"Podbieliki, Gert René",http://d-nb.info/gnd/116247460,ja,nein
SZDPER.2185,"Pollak, Felix",http://d-nb.info/gnd/120905396 http://www.wikidata.org/entity/Q5442301,ja,nein
SZDPER.2186,"Poncheville, André Mabille de",http://d-nb.info/gnd/1055230815 http://www.wikidata.org/entity/Q2848208,ja,nein
SZDPER.2187,"Rascher, Max",http://d-nb.info/gnd/116335602 http://www.wikidata.org/entity/Q64267093,ja,nein
SZDPER.2188,"Reichner, Herbert",http://d-nb.info/gnd/116402873 http://www.wikidata.org/entity/Q27229630,ja,nein
SZDPER.2190,"Reuschel, Reinhold",http://d-nb.info/gnd/116453028 https://www.wikidata.org/wiki/Q94764050,ja,nein
SZDPER.2191,"Rosenkranz, Hans",http://d-nb.info/gnd/1199135119,ja,nein
SZDPER.2192,Rottauscher,,nein,nein
SZDPER.2193,"Rotter, Kurt Erich",http://d-nb.info/gnd/118603337 http://www.wikidata.org/entity/Q69983265,ja,nein
SZDPER.2194,"Sander, Ernst",http://d-nb.info/gnd/118605372 https://www.wikidata.org/wiki/Q1360013,ja,nein
SZDPER.2198,"Scheller, Will",http://d-nb.info/gnd/117216410 http://www.wikidata.org/entity/Q20873550,ja,nein
SZDPER.2199,"Schenk, Gustav",http://d-nb.info/gnd/122783891 http://www.wikidata.org/entity/Q1556356,ja,nein
SZDPER.2200,"Schleicher, Berta",http://d-nb.info/gnd/117322695 http://www.wikidata.org/entity/Q94762263,ja,nein
SZDPER.2203,"Sergel, Albert",http://d-nb.info/gnd/117466689 http://www.wikidata.org/entity/Q55675387,ja,nein
SZDPER.2204,"Sinaiberger, Hugo",http://d-nb.info/gnd/117400688,ja,nein
SZDPER.2205,"Somló, Béla",http://d-nb.info/gnd/117476684,ja,nein
SZDPER.2207,Steigerwald,,nein,nein
SZDPER.2208,"Steinitz, Heinrich",http://d-nb.info/gnd/131699091 http://www.wikidata.org/entity/Q246362,ja,nein
SZDPER.2209,"Szilley, Béla von",http://d-nb.info/gnd/139636072,ja,nein
SZDPER.2210,"Széll, Georg",http://d-nb.info/gnd/134535383 http://www.wikidata.org/entity/Q310638,ja,nein
SZDPER.2212,"Tomaselli, Karolina",,nein,nein
SZDPER.2213,"Tomaselli, Richard",http://d-nb.info/gnd/13178997X http://www.wikidata.org/entity/Q1533443,ja,nein
SZDPER.2214,"Tranquilli, Lucia",http://d-nb.info/gnd/127365494,ja,nein
SZDPER.2215,"Trebitsch, Tina",http://d-nb.info/gnd/1243790849,ja,nein
SZDPER.2217,"Trinius, Bernhard",http://d-nb.info/gnd/117419079 http://www.wikidata.org/entity/Q95296577,ja,nein
SZDPER.2218,"Tyndall, Paul Camill",http://d-nb.info/gnd/117439770 http://www.wikidata.org/entity/Q93268003,ja,nein
SZDPER.2219,"Ungar, Hermann",https://d-nb.info/gnd/118763687 http://www.wikidata.org/entity/Q719507,ja,nein
SZDPER.2220,Vogt,http://www.wikidata.org/entity/Q15886016,nein,nein
SZDPER.2221,"Wach, Aloys",http://d-nb.info/gnd/119138948 http://www.wikidata.org/entity/Q2650678,ja,nein
SZDPER.2222,"Walden, Martha",http://d-nb.info/gnd/126898626 http://www.wikidata.org/entity/Q104120425,ja,nein
SZDPER.2224,"Wandel, Louise",http://d-nb.info/gnd/1081334711 http://www.wikidata.org/entity/Q60834906,ja,nein
SZDPER.2225,"Weddigen, Otto",http://d-nb.info/gnd/117178519 https://www.wikidata.org/wiki/Q1343009,ja,nein
SZDPER.2226,"Weisflog, Heinrich",http://d-nb.info/gnd/116402873,ja,nein
SZDPER.2227,"Weisse, Adolf",http://d-nb.info/gnd/11729943X http://www.wikidata.org/entity/Q47044519,ja,nein
SZDPER.2228,"Weissel, Otto",http://d-nb.info/gnd/1026089123 http://www.wikidata.org/entity/Q55680435,ja,nein
SZDPER.2229,"Wiener, Oskar",http://d-nb.info/gnd/117362743 http://www.wikidata.org/entity/Q22694619,ja,nein
SZDPER.2230,"Willert, Paul",https://d-nb.info/gnd/1076092802 https://www.wikidata.org/wiki/Q94927962,ja,nein
SZDPER.2231,"Winkler, Leopold",http://d-nb.info/gnd/1203231229,ja,nein
SZDPER.2232,"Winterstein, Alfred von",http://d-nb.info/gnd/121575616 http://www.wikidata.org/entity/Q12271681,ja,nein
SZDPER.2233,"Wittkowski, Victor",http://d-nb.info/gnd/117426350 http://www.wikidata.org/entity/Q94856430,ja,nein
SZDPER.2236,"York-Steiner, Heinrich",http://d-nb.info/gnd/133557065,ja,nein
SZDPER.2238,"Zifferer, Paul",http://d-nb.info/gnd/118772899 http://www.wikidata.org/entity/Q3372442,ja,nein
SZDPER.2241,"Daudet, Philippe",http://d-nb.info/gnd/121092046 https://www.wikidata.org/wiki/Q2825859,ja,nein
SZDPER.2242,"Lensing, Elise",http://d-nb.info/gnd/118727427 https://www.wikidata.org/wiki/Q1330649,nein,nein
SZDPER.2243,"Enghaus, Christine",http://d-nb.info/gnd/118684876 https://www.wikidata.org/wiki/Q98341,nein,nein
SZDPER.2244,"Granger, James",http://d-nb.info/gnd/10048641X https://www.wikidata.org/wiki/Q6134856,ja,nein
SZDPER.2245,"Cenci, Beatrice",http://d-nb.info/gnd/118667645 https://www.wikidata.org/wiki/Q237908,ja,nein
SZDPER.2246,"Dostojewskaja, Ljubow Fjodorowna",http://d-nb.info/gnd/102006253 https://www.wikidata.org/wiki/Q4167247,ja,nein
SZDPER.2247,"Gelber, Adolf",http://d-nb.info/gnd/116520779 https://www.wikidata.org/wiki/Q60623610,ja,nein
SZDPER.2248,"Gontscharow, Iwan",http://d-nb.info/gnd/118540734 https://www.wikidata.org/wiki/Q189665,ja,nein
SZDPER.2249,"Grasset, Bernard",http://d-nb.info/gnd/118874136 https://www.wikidata.org/wiki/Q54803,ja,nein
SZDPER.2250,"Gundolf, Friedrich",http://d-nb.info/gnd/118543628 https://www.wikidata.org/wiki/Q65035,ja,nein
SZDPER.2251,"Harris, Frank",http://d-nb.info/gnd/118639501 https://www.wikidata.org/wiki/Q763507,ja,nein
SZDPER.2252,"Hirsch, Emil",http://d-nb.info/gnd/116904003 https://www.wikidata.org/wiki/Q91312559,ja,nein
SZDPER.2253,"Hoelz, Max",http://d-nb.info/gnd/118552031 https://www.wikidata.org/wiki/Q90866,ja,nein
SZDPER.2254,"Poerio, Alessandro",http://d-nb.info/gnd/1013709454 https://www.wikidata.org/wiki/Q3610222,ja,nein
SZDPER.2255,"Leftwich, Joseph",http://d-nb.info/gnd/1037749278 https://www.wikidata.org/wiki/Q165592,ja,nein
SZDPER.2256,"Bächtold, Jakob",http://d-nb.info/gnd/118651706 https://www.wikidata.org/wiki/Q1678898,ja,nein
SZDPER.2257,"Ermatinger, Emil",https://d-nb.info/gnd/118682334 https://www.wikidata.org/wiki/Q125189,ja,nein
SZDPER.2258,"Landauer, Gustav",http://d-nb.info/gnd/118569074 https://www.wikidata.org/wiki/Q61723,ja,nein
SZDPER.2259,"Méndez Pereira, Octavio",http://d-nb.info/gnd/1057261076 https://www.wikidata.org/wiki/Q54850193,ja,nein
SZDPER.2260,"Meyer, Arthur",http://d-nb.info/gnd/117569992 https://www.wikidata.org/wiki/Q2865261,ja,nein
SZDPER.2261,"Meyer, Cornelius",http://d-nb.info/gnd/1195821182,ja,nein
SZDPER.2262,"Meyer, Richard M.",http://d-nb.info/gnd/119034751 https://www.wikidata.org/wiki/Q96393,ja,nein
SZDPER.2263,"Meysenbug, Malwida von",http://d-nb.info/gnd/118582054 https://www.wikidata.org/wiki/Q68795,ja,nein
SZDPER.2264,"Morrison, Alfred",http://d-nb.info/gnd/124663680 https://www.wikidata.org/wiki/Q17328807,ja,nein
SZDPER.2265,"Kayser, Rudolph",http://d-nb.info/gnd/11609026X,ja,nein
SZDPER.2266,"Steiner-Prag, Hugo",http://d-nb.info/gnd/118753231 https://www.wikidata.org/wiki/Q103059,ja,nein
SZDPER.2267,"Tagore, Rabindranath",http://d-nb.info/gnd/118620517 https://www.wikidata.org/wiki/Q7241,ja,nein
SZDPER.2268,"Ravaillac, François",http://d-nb.info/gnd/118904299 https://www.wikidata.org/wiki/Q349190,ja,nein
SZDPER.2269,"Wittmann, Hugo",http://d-nb.info/gnd/117427179 https://www.wikidata.org/wiki/Q1329308,ja,nein
SZDPER.2278,"Billiet, Joseph",http://d-nb.info/gnd/1236965345,nein,nein
SZDPER.2281,"Gabelentz, Hanns-Conon von der",http://d-nb.info/gnd/120079542 https://www.wikidata.org/wiki/Q94908955,nein,nein
SZDPER.2282,"Kessler, Harry Graf",http://d-nb.info/gnd/118561685 https://www.wikidata.org/wiki/Q70618,nein,nein
SZDPER.2283,"Santos, Eduardo",http://d-nb.info/gnd/1056437030 https://www.wikidata.org/wiki/Q470924,nein,nein
SZDPER.2284,"Altmann, Jan",,nein,nein
SZDPER.2285,"Altmann, Therese",http://d-nb.info/gnd/1366788923,ja,nein
SZDPER.2286,"Altmann, Eva",http://d-nb.info/gnd/128348674 https://www.wikidata.org/wiki/Q29642248,ja,nein
SZDPER.2287,"Mayer, Ursula",,nein,nein
SZDPER.2288,"Miller, Edward",,nein,nein
SZDPER.2289,"Rauman, Mr.",,nein,nein
SZDPER.2290,"Rauman, Mrs.",,nein,nein
SZDPER.2291,"Wilnot, Mr.",,nein,nein
SZDPER.2292,"Kahn, Martha",,nein,nein
SZDPER.2295,"Walter, Rose",http://d-nb.info/gnd/1079183531,ja,nein
SZDPER.2296,"Kaufmann, Lotte",,nein,nein
SZDPER.2297,"Süssland, Ernst",,nein,nein
SZDPER.2298,"Birman, C.",,nein,nein
SZDPER.2299,"Frenkel, Lotte",http://d-nb.info/gnd/116751401,nein,nein
SZDPER.2300,"Frenkel, Stefan",http://d-nb.info/gnd/134377680 https://www.wikidata.org/wiki/Q2336311,nein,nein
SZDPER.2301,"Kiefer, Oskar",http://d-nb.info/gnd/126470510 https://www.wikidata.org/wiki/Q1505163,ja,nein
SZDPER.2303,"Monath, Paul",,nein,nein
SZDPER.2304,"Sambat, M.",,nein,nein
SZDPER.2305,"Garcés, Mario",,nein,nein
SZDPER.2306,"Feder, Ernst",http://d-nb.info/gnd/118532197 https://www.wikidata.org/wiki/Q1358029,nein,nein
SZDPER.2312,"Lefèvre, Frédéric",http://d-nb.info/gnd/120138166 https://www.wikidata.org/wiki/Q3089964,nein,nein
SZDPER.2319,"Zweig, Alfred",http://d-nb.info/gnd/1161770038,ja,nein
SZDPER.2320,"Chaine, René",http://d-nb.info/gnd/1073665593,ja,nein
SZDPER.2324,Viking Press,http://d-nb.info/gnd/10102943-3,ja,nein
SZDPER.2325,Westminster Bank,http://d-nb.info/gnd/37689-9,ja,nein
SZDPER.2326,Großbritannien. Home Office,http://d-nb.info/gnd/35565-3,ja,nein
SZDPER.2327,BDO Binder Hamlyn (London),http://d-nb.info/gnd/2134286-6,nein,nein
SZDPER.2328,Vita-Lebensversicherungs-Aktiengesellschaft (Zürich),http://d-nb.info/gnd/275785-0,ja,nein
