szdper_id,name,gnd,entscheidung,grund,szdorg_id,quelle
SZDPER.8,Aeschylus,118500856,person,einnamige Personenansetzung mit Personen-GND,,SZDPER
SZDPER.16,Dante Alighieri,118523708,person,einnamige Personenansetzung mit Personen-GND,,SZDPER
SZDPER.25,Angelus Silesius,118503111,person,einnamige Personenansetzung mit Personen-GND,,SZDPER
SZDPER.31,Aristoteles,118650130,person,einnamige Personenansetzung mit Personen-GND,,SZDPER
SZDPER.54,Franco,11853470X,person,einnamige Personenansetzung mit Personen-GND,,SZDPER
SZDPER.308,Dolorosa,116417390,person,einnamige Personenansetzung mit Personen-GND,,SZDPER
SZDPER.309,Donatello,118526693,person,einnamige Personenansetzung mit Personen-GND,,SZDPER
SZDPER.355,El Greco,118722778,person,einnamige Personenansetzung mit Personen-GND,,SZDPER
SZDPER.364,Erasmus von Rotterdam,118530666,person,einnamige Personenansetzung mit Personen-GND,,SZDPER
SZDPER.427,"Franz II., Kaiser des Heiligen Römischen Reiches, als Franz I. Kaiser von Österreich",118534955,person,einnamige Personenansetzung mit Personen-GND,,SZDPER
SZDPER.444,Sueton,118619918,person,einnamige Personenansetzung mit Personen-GND,,SZDPER
SZDPER.583,"Heinrich IV., Frankreich, König",118548174,person,einnamige Personenansetzung mit Personen-GND,,SZDPER
SZDPER.639,Homer,11855333X,person,einnamige Personenansetzung mit Personen-GND,,SZDPER
SZDPER.658,"Huygens, Constantijn, der Ältere",118775391,person,einnamige Personenansetzung mit Personen-GND,,SZDPER
SZDPER.674,Jean Paul,118557211,person,einnamige Personenansetzung mit Personen-GND,,SZDPER
SZDPER.770,Kuro Masu,125005539,person,einnamige Personenansetzung mit Personen-GND,,SZDPER
SZDPER.783,Larin-Kyösti,105511579X,person,einnamige Personenansetzung mit Personen-GND,,SZDPER
SZDPER.809,Lenin,118640402,person,einnamige Personenansetzung mit Personen-GND,,SZDPER
SZDPER.869,Luis de Granada,118729640,person,einnamige Personenansetzung mit Personen-GND,,SZDPER
SZDPER.900,Mark Aurel,118577468,person,einnamige Personenansetzung mit Personen-GND,,SZDPER
SZDPER.997,Moses,118641190,person,einnamige Personenansetzung mit Personen-GND,,SZDPER
SZDPER.1009,"Joachim, König von Neapel",118746928,person,einnamige Personenansetzung mit Personen-GND,,SZDPER
SZDPER.1040,Novalis,118588893,person,einnamige Personenansetzung mit Personen-GND,,SZDPER
SZDPER.1056,Österreichischer Frauen-Not-Dienst,146456-5,org,Körperschaft mit Körperschafts-GND,SZDORG.38,SZDPER
SZDPER.1067,Paracelsus,11859169X,person,einnamige Personenansetzung mit Personen-GND,,SZDPER
SZDPER.1100,Pindar,118594427,person,einnamige Personenansetzung mit Personen-GND,,SZDPER
SZDPER.1109,"Platen, August, Graf von",118594869,person,einnamige Personenansetzung mit Personen-GND,,SZDPER
SZDPER.1110,Plato,118594893,person,einnamige Personenansetzung mit Personen-GND,,SZDPER
SZDPER.1129,Vergil,118626574,person,einnamige Personenansetzung mit Personen-GND,,SZDPER
SZDPER.1315,Siddharta,118664417,person,einnamige Personenansetzung mit Personen-GND,,SZDPER
SZDPER.1327,Sokrates,118615270,person,einnamige Personenansetzung mit Personen-GND,,SZDPER
SZDPER.1333,Sophokles,118615688,person,einnamige Personenansetzung mit Personen-GND,,SZDPER
SZDPER.1355,Stendhal,118617648,person,einnamige Personenansetzung mit Personen-GND,,SZDPER
SZDPER.1400,Taras Bulba,119302349,person,einnamige Personenansetzung mit Personen-GND,,SZDPER
SZDPER.1427,Tizian,118622994,person,einnamige Personenansetzung mit Personen-GND,,SZDPER
SZDPER.1457,Vercingetorix,118804170,person,einnamige Personenansetzung mit Personen-GND,,SZDPER
SZDPER.1461,Vereinigte Verlegergruppe,1086714458,org,"Verlegergruppe, Körperschaft mit GND",SZDORG.60,SZDPER
SZDPER.1477,Voltaire,118627813,person,einnamige Personenansetzung mit Personen-GND,,SZDPER
SZDPER.1578,"Frankreich, Königshaus",118662341,unclear,"Dynastie, keine Körperschaft, GND im Personenformat",,SZDPER
SZDPER.1606,"Louis Ferdinand, Prinz von Preußen",118729225,person,einnamige Personenansetzung mit Personen-GND,,SZDPER
SZDPER.1626,Österreichische Galerie Wien,2020891-1,org,"Museum, Körperschafts-GND, im Bestand als persName referenziert",SZDORG.36,SZDPER
SZDPER.1628,The Jew’s Temporary Shelter,,org,"Hilfsorganisation, keine Normdatennummer im Bestand",SZDORG.51,SZDPER
SZDPER.1657,Unidentified signatures,,unclear,"Ordnungsplatzhalter der Verzeichnung, kein Akteur",,SZDPER
SZDPER.1659,"Joint Broadcasting Committee, London",10146266-9,org,"Rundfunkgremium, als Nachname/Vorname erfasst, GND aus dem Bestand über Namensgleichheit",SZDORG.28,SZDPER
SZDPER.1673,Authors Guild,1086817966,org,"Berufsverband, GND aus dem Bestand über Namensgleichheit",SZDORG.4,SZDPER
SZDPER.1688,Les Conferénces des Ambassadeurs,1086197240,org,"zwischenstaatliches Gremium, GND aus dem Bestand über Namensgleichheit",SZDORG.29,SZDPER
SZDPER.1734,Sil-Vara,117383392,person,einnamige Personenansetzung mit Personen-GND,,SZDPER
SZDPER.1735,"Home Office, Whitehall",,org,"Behörde, als Nachname/Vorname erfasst, mit SZDPER.2326 zusammengeführt",SZDORG.23,SZDPER
SZDPER.1791,Wydawnictwo J. Przeworskiego (publishing house),,org,"Verlag, Dublette zu SZDPER.1996",SZDORG.65,SZDPER
SZDPER.1804,Filed as Unidentified signatures:,,unclear,"Ordnungsplatzhalter der Verzeichnung, kein Akteur",,SZDPER
SZDPER.1805,Filed as Zweig Family:,,unclear,"Ordnungsplatzhalter der Verzeichnung, kein Akteur",,SZDPER
SZDPER.1868,Zweig Family,,unclear,"Familie, keine Körperschaft",,SZDPER
SZDPER.1872,Fidus,118687077,person,einnamige Personenansetzung mit Personen-GND,,SZDPER
SZDPER.1899,Britain in Pictures,,org,"Buchreihe, vom Archiv im Checkup 2026-09 als Körperschaft markiert, 2026-09-23 von Hand als SZDORG.67 nachgetragen",SZDORG.67,SZDPER
SZDPER.1975,The Sunday Times,4185027-0,org,"Zeitung, GND aus dem Bestand über Namensgleichheit",SZDORG.54,SZDPER
SZDPER.1996,Wydawnictwo J. Przeworskiego [publishing house],,org,"Verlag, Dublette zu SZDPER.1791",SZDORG.65,SZDPER
SZDPER.2065,Tal Lawsuit,,unclear,"Rechtssache, kein Akteur",,SZDPER
SZDPER.2142,Jeanrenaud,,unclear,"Familienname ohne Vornamen, Zuordnung ungeklärt",,SZDPER
SZDPER.2324,Viking Press,10102943-3,org,"Verlag, Körperschafts-GND, 2026-06 als Person eingetragen",SZDORG.61,SZDPER
SZDPER.2325,Westminster Bank,37689-9,org,"Bank, Körperschafts-GND, 2026-06 als Person eingetragen",SZDORG.63,SZDPER
SZDPER.2326,Großbritannien. Home Office,35565-3,org,"Behörde, Körperschafts-GND, führt den Eintrag mit SZDPER.1735",SZDORG.23,SZDPER
SZDPER.2327,BDO Binder Hamlyn (London),2134286-6,org,"Wirtschaftsprüfung, Körperschafts-GND, 2026-06 als Person eingetragen",SZDORG.6,SZDPER
SZDPER.2328,Vita-Lebensversicherungs-Aktiengesellschaft (Zürich),275785-0,org,"Versicherung, Körperschafts-GND, 2026-06 als Person eingetragen",SZDORG.62,SZDPER
,Adolf Haslinger Literaturstiftung im Literaturarchiv Salzburg,1047604132,org,"Standortindex SZDSTA, SZDSTA.17",SZDORG.1,SZDSTA
,American Guild for German Cultural Freedom,2131189-4,org,im Bestand als orgName mit GND geführt,SZDORG.2,Bestand
,"Antiquariat Leo Liepmannssohn, Berlin",1072986299,org,im Bestand als orgName mit GND geführt,SZDORG.3,Bestand
,Autographenhandlung J. A. Stargardt,2140517-7,org,"Standortindex SZDSTA, SZDSTA.40",SZDORG.5,SZDSTA
,Beethoven-Haus Bonn,2085343-9,org,"Standortindex SZDSTA, SZDSTA.35",SZDORG.7,SZDSTA
,Bennington College,112881-4,org,im Bestand als orgName mit GND geführt,SZDORG.8,Bestand
,Biblioteca Central Municipal Gabriela Mistral,,org,"Standortindex SZDSTA, SZDSTA.20",SZDORG.9,SZDSTA
,Biblioteca Nacional,1003296-4,org,"Standortindex SZDSTA, SZDSTA.26",SZDORG.10,SZDSTA
,"Bibliothèque Nationale, Paris",5156217-0,org,im Bestand als orgName mit GND geführt,SZDORG.11,Bestand
,"Canadian Authors’ Association, Toronto",815085-0,org,im Bestand als orgName mit GND geführt,SZDORG.12,Bestand
,Cassell and Company Ltd.,251858-2,org,im Bestand als orgName mit GND geführt,SZDORG.13,Bestand
,Das Tagebuch,1220936316,org,im Bestand als orgName mit GND geführt,SZDORG.14,Bestand
,David H. Lowenherz,38379-X,org,"Standortindex SZDSTA, SZDSTA.38",SZDORG.15,SZDSTA
,Deutsches Literaturarchiv Marbach,10155895-8,org,"Standortindex SZDSTA, SZDSTA.42",SZDORG.16,SZDSTA
,Dokumentations- und Forschungszentrum des Deutschen Chorwesens,4646846-8,org,"Standortindex SZDSTA, SZDSTA.29",SZDORG.17,SZDSTA
,Dokumentationsstelle für neuere österreichische Literatur im Literaturhaus,2057272-4,org,"Standortindex SZDSTA, SZDSTA.10",SZDORG.18,SZDSTA
,E. P. Tal & Co.,1073075974,org,im Bestand als orgName mit GND geführt,SZDORG.19,Bestand
,Erste Donau-Dampfschiffahrts-Gesellschaft,1056582-6,org,im Bestand als orgName mit GND geführt,SZDORG.20,Bestand
,Fondation Martin Bodmer,1019332-7,org,"Standortindex SZDSTA, SZDSTA.4",SZDORG.21,SZDSTA
,"Goethe-Museum Düsseldorf, Anton-und-Katharina-Kippenberg-Stiftung",2012581-1,org,"Standortindex SZDSTA, SZDSTA.30",SZDORG.22,SZDSTA
,Herbert Reichner Verlag,10119809-7,org,im Bestand als orgName mit GND geführt,SZDORG.24,Bestand
,Insel-Verlag,43217-9,org,im Bestand als orgName mit GND geführt,SZDORG.25,Bestand
,Institut et Musée Voltaire,40303-9,org,"Standortindex SZDSTA, SZDSTA.33",SZDORG.26,SZDSTA
,Internationale Stiftung Mozarteum,37019-8,org,"Standortindex SZDSTA, SZDSTA.36",SZDORG.27,SZDSTA
,Library of Congress,35626-8,org,"Standortindex SZDSTA, SZDSTA.28",SZDORG.30,SZDSTA
,Literaturarchiv Salzburg,1047605287,org,"Standortindex SZDSTA, SZDSTA.1",SZDORG.31,SZDSTA
,London Library,35655-4,org,"Standortindex SZDSTA, SZDSTA.19",SZDORG.32,SZDSTA
,Metro-Goldwin-Mayer Pictures,10290848-5,org,im Bestand als orgName mit GND geführt,SZDORG.33,Bestand
,Meulenhoff en Co.,142661-8,org,im Bestand als orgName mit GND geführt,SZDORG.34,Bestand
,"Ministry of Information, London",5130410-7,org,im Bestand als orgName mit GND geführt,SZDORG.35,Bestand
,Österreichische Nationalbibliothek,2020893-5,org,"Standortindex SZDSTA, SZDSTA.43",SZDORG.37,SZDSTA
,Österreichisches Bundesministerium für Unterricht,1008405-8,org,im Bestand als orgName mit GND geführt,SZDORG.39,Bestand
,Reed Library – Stefan Zweig Collection,2156743-8,org,"Standortindex SZDSTA, SZDSTA.2",SZDORG.40,SZDSTA
,Schweizerisches Vereinssortiment Olten,2021755-9,org,im Bestand als orgName mit GND geführt,SZDORG.41,Bestand
,Societe des Auteurs & Compositeurs Dramatiques,5158511-X,org,im Bestand als orgName mit GND geführt,SZDORG.42,Bestand
,Société Nouvelle de l’Encyclopédie Française,1090480520,org,im Bestand als orgName mit GND geführt,SZDORG.43,Bestand
,Staatsbibliothek zu Berlin - Preußischer Kulturbesitz,5036103-X,org,"Standortindex SZDSTA, SZDSTA.27",SZDORG.44,SZDSTA
,"Stanford University, Memorial Library of Music",5069027-9,org,"Standortindex SZDSTA, SZDSTA.34",SZDORG.45,SZDSTA
,Stefan Zweig Zentrum,10368864-X,org,"Standortindex SZDSTA, SZDSTA.11",SZDORG.46,SZDSTA
,Stiftung Händel-Haus Halle,16008856-2,org,"Standortindex SZDSTA, SZDSTA.41",SZDORG.47,SZDSTA
,Stonehill Ltd.,16314757-7,org,im Bestand als orgName mit GND geführt,SZDORG.48,Bestand
,The British Library,4472698-3,org,"Standortindex SZDSTA, SZDSTA.5",SZDORG.49,SZDSTA
,The H. W. Wilson Company,5213357-6,org,im Bestand als orgName mit GND geführt,SZDORG.50,Bestand
,The Morgan Library & Museum,10156282-2,org,"Standortindex SZDSTA, SZDSTA.6",SZDORG.52,SZDSTA
,The National Library of Israel,1004728-1,org,"Standortindex SZDSTA, SZDSTA.3",SZDORG.53,SZDSTA
,Theatermuseum,1033329-0,org,"Standortindex SZDSTA, SZDSTA.23",SZDORG.55,SZDSTA
,Thomas-Mann-Archiv an der ETH-Bibliothek,2024553-1,org,"Standortindex SZDSTA, SZDSTA.7",SZDORG.56,SZDSTA
,Universitätsbibliothek Basel,2023655-4,org,"Standortindex SZDSTA, SZDSTA.9",SZDORG.57,SZDSTA
,Universitätsbibliothek Mozarteum,5299663-3,org,"Standortindex SZDSTA, SZDSTA.21",SZDORG.58,SZDSTA
,Universitätsbibliothek Rostock,25968-8,org,"Standortindex SZDSTA, SZDSTA.39",SZDORG.59,SZDSTA
,Wienbibliothek im Rathaus,10144442-4,org,"Standortindex SZDSTA, SZDSTA.8",SZDORG.64,SZDSTA
,Zentralbibliothek Zürich,1012546-2,org,"Standortindex SZDSTA, SZDSTA.22",SZDORG.66,SZDSTA
,"Privatbesitz, Deutschland",,keine-koerperschaft,"Privatbesitz, keine Körperschaft, SZDSTA.12 bleibt im Standortindex",,SZDSTA
,"Privatbesitz, Österreich",,keine-koerperschaft,"Privatbesitz, keine Körperschaft, SZDSTA.13 bleibt im Standortindex",,SZDSTA
,"Privatbesitz, Frankreich",,keine-koerperschaft,"Privatbesitz, keine Körperschaft, SZDSTA.14 bleibt im Standortindex",,SZDSTA
,"Privatbesitz, Großbritannien",,keine-koerperschaft,"Privatbesitz, keine Körperschaft, SZDSTA.15 bleibt im Standortindex",,SZDSTA
,"Privatbesitz, Schweiz",,keine-koerperschaft,"Privatbesitz, keine Körperschaft, SZDSTA.16 bleibt im Standortindex",,SZDSTA
,Erben Stefan Zweigs,,keine-koerperschaft,"Erbengemeinschaft, keine Körperschaft, SZDSTA.18 bleibt im Standortindex",,SZDSTA
,"Privatbesitz, USA",,keine-koerperschaft,"Privatbesitz, keine Körperschaft, SZDSTA.24 bleibt im Standortindex",,SZDSTA
