<?xml version='1.0' encoding='UTF-8'?>
<book xmlns="http://gams.uni-graz.at/viewer" xmlns:xlink="http://www.w3.org/1999/xlink" xmlns:file="http://expath.org/ns/file"><title>Charles Houin an Stefan Zweig, 31.12.1909, SZ-SAM/AK.88</title><author>Houin, Charles</author><date>31.12.1909</date><category>Ansichtskarte</category><owner><name>Literaturarchiv Salzburg, https://stefanzweig.digital, CC-BY</name></owner><structure><div type="Bildseite"><page xlink:href="SZ-SAMAK_88-1.jpg" xml:lang="en" /></div><div type="Adressseite"><page xlink:href="SZ-SAMAK_88-2.jpg" xml:lang="en" /></div><div type="Farbreferenz"><page xlink:href="SZ-SAMAK_88-3.jpg" xml:lang="en" /></div></structure></book>