<?xml version='1.0' encoding='UTF-8'?>
<TEI xmlns="http://www.tei-c.org/ns/1.0"><teiHeader><fileDesc><titleStmt><title xml:lang="de">Korrespondenz Gisella Selden-Goth</title><title xml:lang="en">Correspondence Gisella Selden-Goth</title></titleStmt><publicationStmt><publisher><orgName corresp="https://www.uni-salzburg.at/index.php?id=72" ref="d-nb.info/gnd/1047605287">Literaturarchiv Salzburg</orgName></publisher><idno type="PID">o:szd.korrespondenzen.selden-goth-gisella</idno></publicationStmt><seriesStmt><title ref="https://gams.uni-graz.at/szd">Stefan Zweig digital</title><respStmt><resp>Projektleitung</resp><persName><forename>Lina Maria</forename><surname>Zangerl</surname></persName></respStmt><respStmt><resp>Datenerfassung</resp><persName><forename>Oliver</forename><surname>Matuschek</surname></persName><persName><forename>Julia</forename><surname>Glunk</surname></persName></respStmt><respStmt><resp>Datenmodellierung</resp><persName><forename>Christopher</forename><surname>Pollin</surname></persName></respStmt></seriesStmt><sourceDesc><p>Korrespondenzen Stefan Zweig</p></sourceDesc></fileDesc><encodingDesc><editorialDecl><p>Jeder Einzelbrief wird durch ein biblFull beschrieben.</p></editorialDecl><projectDesc><p>Das Projekt verfolgt das Ziel, den weltweit verstreuten Nachlass von Stefan Zweig im digitalen Raum zusammenzuführen und ihn einem literaturwissenschaftlich bzw. wissenschaftlich interessierten Publikum zu erschließen. In Zusammenarbeit mit dem Literaturarchiv der Universität Salzburg wird dabei, basierend auf dem dort vorhandenen Quellenmaterial, eine digitale Nachlassrekonstruktion des Bestandes generiert. So entsteht ein strukturierter Bestand an digitalen Objekten, der im Sinne der digitalen Langzeitarchivierung repräsentiert wird, und NutzerInnen orts- und zeitunabhängig zugänglich ist. Das Projekt ist so konzipiert, dass zu einem späteren Zeitpunkt Erschließung und Anreicherung des Quellenmaterials (z.B. digitalen Editionen) möglich werden.</p></projectDesc><listPrefixDef><prefixDef ident="szdg" matchPattern="([(a-z)|(A-Z)]+)" replacementPattern="szdg:$1"><p>Namespace für den Glossar in Stefan Zweig digital.</p></prefixDef></listPrefixDef></encodingDesc></teiHeader><text><body><listBibl><biblFull xml:id="SZDKOR.selden-goth-gisella.96"><fileDesc><titleStmt><title xml:lang="de">Selden-Goth, Gisella an Zweig, Stefan, 07.02.1934</title><title xml:lang="en">Selden-Goth, Gisella to Zweig, Stefan, 07.02.1934</title></titleStmt><publicationStmt><ab>Einzelbrief</ab></publicationStmt><sourceDesc><msDesc><msIdentifier><country>Österreich</country><settlement>Salzburg</settlement><repository ref="https://d-nb.info/gnd/1047605287">Literaturarchiv Salzburg</repository><idno type="signature">SZ-SAM/AK.185</idno><altIdentifier><idno type="PID">o:szd.3195</idno></altIdentifier><altIdentifier><idno type="context" /></altIdentifier></msIdentifier><msContents><textLang><lang xml:lang="ger">German</lang></textLang></msContents><physDesc><objectDesc><supportDesc><support><material ana="szdg:WritingMaterial" xml:lang="de">Ansichtspostkarte: "Monaco. – Le Port d'Hercule et Monte-Carlo."</material><material ana="szdg:WritingMaterial" xml:lang="en">Picture postcard: "Monaco. – Le Port d'Hercule et Monte-Carlo."</material><material ana="szdg:WritingInstrument" xml:lang="de">blaue Tinte</material><material ana="szdg:WritingInstrument" xml:lang="en">blue ink</material></support><extent><span xml:lang="de">1 Ansichtspostkarte, Manuskript, 1 Blatt</span><span xml:lang="en">1 picture postcard, manuscript, 1 leaf</span></extent></supportDesc></objectDesc></physDesc><history><acquisition><ab xml:lang="de">Ankauf aus Privatbesitz 2013/2014</ab><ab xml:lang="en">Acquisition from private ownership 2013/2014</ab></acquisition></history></msDesc></sourceDesc></fileDesc><profileDesc><correspDesc type="toZweig"><correspAction type="sent"><persName ref="http://d-nb.info/gnd/117473693"><surname>Selden-Goth</surname><forename>Gisella</forename></persName><date xml:lang="de" when="1934-02-07">7. II. 34</date><date xml:lang="en" when="1934-02-07">7. II. 34</date></correspAction><correspAction type="received"><persName ref="http://d-nb.info/gnd/118637479"><surname>Zweig</surname><forename>Stefan</forename></persName></correspAction></correspDesc></profileDesc></biblFull></listBibl></body></text></TEI>