<?xml version='1.0' encoding='UTF-8'?>
<biblFull xml:id=""><fileDesc><titleStmt><title xml:lang="de">5 Korrespondenzstücke AN Stefan Zweig</title><title xml:lang="en">5 Pieces of Correspondence TO Stefan Zweig</title></titleStmt><publicationStmt><ab>Briefkonvolut</ab></publicationStmt><sourceDesc><msDesc><msIdentifier><country>Österreich</country><settlement>Salzburg</settlement><repository ref="http://d-nb.info/gnd/1047605287">Literaturarchiv Salzburg</repository><idno type="signature" /><altIdentifier><idno type="context">context:szd.facsimiles.korrespondenzen#bazalgette-leon</idno></altIdentifier><altIdentifier><idno type="konvolut">o:szd.korrespondenzen.bazalgette-leon</idno></altIdentifier></msIdentifier><physDesc><objectDesc><supportDesc><extent><measure type="correspondence" unit="piece" subtype="sent">5</measure></extent></supportDesc></objectDesc></physDesc></msDesc></sourceDesc></fileDesc><profileDesc><correspDesc type="toZweig"><correspAction type="sent"><persName ref=""><surname>Bazalgette</surname><forename>Léon</forename></persName></correspAction><correspAction type="received"><persName ref="http://d-nb.info/gnd/118637479"><surname>Zweig</surname><forename>Stefan</forename></persName><date xml:lang="en" from="" to="" /></correspAction></correspDesc></profileDesc></biblFull>