<?xml version='1.0' encoding='UTF-8'?>
<TEI xmlns="http://www.tei-c.org/ns/1.0"><teiHeader><fileDesc><titleStmt><title xml:lang="de">Korrespondenz Léon Bazalgette</title><title xml:lang="en">Correspondence Léon Bazalgette</title></titleStmt><publicationStmt><publisher><orgName corresp="https://www.uni-salzburg.at/index.php?id=72" ref="d-nb.info/gnd/1047605287">Literaturarchiv Salzburg</orgName></publisher><idno type="PID">o:szd.korrespondenzen.bazalgette-leon</idno></publicationStmt><seriesStmt><title ref="https://gams.uni-graz.at/szd">Stefan Zweig digital</title><respStmt><resp>Projektleitung</resp><persName><forename>Lina Maria</forename><surname>Zangerl</surname></persName></respStmt><respStmt><resp>Datenerfassung</resp><persName><forename>Oliver</forename><surname>Matuschek</surname></persName><persName><forename>Julia</forename><surname>Glunk</surname></persName></respStmt><respStmt><resp>Datenmodellierung</resp><persName><forename>Christopher</forename><surname>Pollin</surname></persName></respStmt></seriesStmt><sourceDesc><p>Korrespondenzen Stefan Zweig</p></sourceDesc></fileDesc><encodingDesc><editorialDecl><p>Jeder Einzelbrief wird durch ein biblFull beschrieben.</p></editorialDecl><projectDesc><p>Das Projekt verfolgt das Ziel, den weltweit verstreuten Nachlass von Stefan Zweig im digitalen Raum zusammenzuführen und ihn einem literaturwissenschaftlich bzw. wissenschaftlich interessierten Publikum zu erschließen. In Zusammenarbeit mit dem Literaturarchiv der Universität Salzburg wird dabei, basierend auf dem dort vorhandenen Quellenmaterial, eine digitale Nachlassrekonstruktion des Bestandes generiert. So entsteht ein strukturierter Bestand an digitalen Objekten, der im Sinne der digitalen Langzeitarchivierung repräsentiert wird, und NutzerInnen orts- und zeitunabhängig zugänglich ist. Das Projekt ist so konzipiert, dass zu einem späteren Zeitpunkt Erschließung und Anreicherung des Quellenmaterials (z.B. digitalen Editionen) möglich werden.</p></projectDesc><listPrefixDef><prefixDef ident="szdg" matchPattern="([(a-z)|(A-Z)]+)" replacementPattern="szdg:$1"><p>Namespace für den Glossar in Stefan Zweig digital.</p></prefixDef></listPrefixDef></encodingDesc></teiHeader><text><body><listBibl><biblFull xml:id="SZDKOR.bazalgette-leon.2"><fileDesc><titleStmt><title xml:lang="de">Bazalgette, Léon an Zweig, Stefan, 24.01.1921</title><title xml:lang="en">Bazalgette, Léon to Zweig, Stefan, 24.01.1921</title></titleStmt><publicationStmt><ab>Einzelbrief</ab></publicationStmt><sourceDesc><msDesc><msIdentifier><country>Österreich</country><settlement>Salzburg</settlement><repository ref="https://d-nb.info/gnd/1047605287">Literaturarchiv Salzburg</repository><idno type="signature">SZ-SAM/AK.10</idno><altIdentifier><idno type="PID">o:szd.3101</idno></altIdentifier><altIdentifier><idno type="context" /></altIdentifier></msIdentifier><msContents><textLang><lang xml:lang="fra">French</lang></textLang></msContents><physDesc><objectDesc><supportDesc><support><material ana="szdg:WritingMaterial" xml:lang="de">Ansichtspostkarte: "Paris – Au Jardin des Tuileries – Le Bassin"</material><material ana="szdg:WritingMaterial" xml:lang="en">Picture postcard: "Paris – Au Jardin des Tuileries – Le Bassin"</material><material ana="szdg:WritingInstrument" xml:lang="de">schwarze Tinte</material><material ana="szdg:WritingInstrument" xml:lang="en">black ink</material></support><extent><span xml:lang="de">1 Ansichtspostkarte, Manuskript, 1 Blatt</span><span xml:lang="en">1 picture postcard, manuscript, 1 leaf</span></extent></supportDesc></objectDesc></physDesc><history><acquisition><ab xml:lang="de">Ankauf aus Privatbesitz 2013/2014</ab><ab xml:lang="en">Acquisition from private ownership 2013/2014</ab></acquisition></history></msDesc></sourceDesc></fileDesc><profileDesc><correspDesc type="toZweig"><correspAction type="sent"><persName ref="http://d-nb.info/gnd/132731568"><surname>Bazalgette</surname><forename>Léon</forename></persName><date xml:lang="de" when="1921-01-24">24 Janvier 21</date><date xml:lang="en" when="1921-01-24">24 Janvier 21</date></correspAction><correspAction type="received"><persName ref="http://d-nb.info/gnd/118637479"><surname>Zweig</surname><forename>Stefan</forename></persName></correspAction></correspDesc></profileDesc></biblFull><biblFull xml:id="SZDKOR.bazalgette-leon.13"><fileDesc><titleStmt><title xml:lang="de">Bazalgette, Léon an Zweig, Stefan, 16.09.1924</title><title xml:lang="en">Bazalgette, Léon to Zweig, Stefan, 16.09.1924</title></titleStmt><publicationStmt><ab>Einzelbrief</ab></publicationStmt><sourceDesc><msDesc><msIdentifier><country>Österreich</country><settlement>Salzburg</settlement><repository ref="https://d-nb.info/gnd/1047605287">Literaturarchiv Salzburg</repository><idno type="signature">SZ-SAM/AK.11</idno><altIdentifier><idno type="PID">o:szd.3112</idno></altIdentifier><altIdentifier><idno type="context" /></altIdentifier></msIdentifier><msContents><textLang><lang xml:lang="fra">French</lang></textLang></msContents><physDesc><objectDesc><supportDesc><support><material ana="szdg:WritingMaterial" xml:lang="de">Ansichtspostkarte: "Coutances. – Vue générale"</material><material ana="szdg:WritingMaterial" xml:lang="en">Picture postcard: "Coutances. – Vue générale"</material><material ana="szdg:WritingInstrument" xml:lang="de">schwarze Tinte</material><material ana="szdg:WritingInstrument" xml:lang="en">black ink</material></support><extent><span xml:lang="de">1 Ansichtspostkarte, Manuskript, 1 Blatt</span><span xml:lang="en">1 picture postcard, manuscript, 1 leaf</span></extent></supportDesc></objectDesc></physDesc><history><acquisition><ab xml:lang="de">Ankauf aus Privatbesitz 2013/2014</ab><ab xml:lang="en">Acquisition from private ownership 2013/2014</ab></acquisition></history></msDesc></sourceDesc></fileDesc><profileDesc><correspDesc type="toZweig"><correspAction type="sent"><persName ref="http://d-nb.info/gnd/132731568"><surname>Bazalgette</surname><forename>Léon</forename></persName><date xml:lang="de" when="1924-09-16">16 Sept 24</date><date xml:lang="en" when="1924-09-16">16 Sept 24</date></correspAction><correspAction type="received"><persName ref="http://d-nb.info/gnd/118637479"><surname>Zweig</surname><forename>Stefan</forename></persName></correspAction></correspDesc></profileDesc></biblFull><biblFull xml:id="SZDKOR.bazalgette-leon.261"><fileDesc><titleStmt><title xml:lang="de">Bazalgette, Léon an Zweig, Stefan, 31.12.1903</title><title xml:lang="en">Bazalgette, Léon to Zweig, Stefan, 31.12.1903</title></titleStmt><publicationStmt><ab>Einzelbrief</ab></publicationStmt><sourceDesc><msDesc><msIdentifier><country>Österreich</country><settlement>Salzburg</settlement><repository ref="https://d-nb.info/gnd/1047605287">Literaturarchiv Salzburg</repository><idno type="signature">SZ-SAM/AK.7</idno><altIdentifier><idno type="PID">o:szd.3360</idno></altIdentifier><altIdentifier><idno type="context" /></altIdentifier></msIdentifier><msContents><textLang><lang xml:lang="fra">French</lang></textLang></msContents><physDesc><objectDesc><supportDesc><support><material ana="szdg:WritingMaterial" xml:lang="de">Ansichtspostkarte: "Paris – Place de la Concorde au crépuscule – Effet de pluie"</material><material ana="szdg:WritingMaterial" xml:lang="en">Picture postcard: "Paris – Place de la Concorde au Crépuscule – Effet de Pluie"</material><material ana="szdg:WritingInstrument" xml:lang="de">schwarze Tinte</material><material ana="szdg:WritingInstrument" xml:lang="en">black ink</material></support><extent><span xml:lang="de">1 Ansichtspostkarte, Manuskript, 1 Blatt</span><span xml:lang="en">1 picture postcard, manuscript, 1 leaf</span></extent></supportDesc></objectDesc></physDesc><history><acquisition><ab xml:lang="de">Ankauf aus Privatbesitz 2013/2014</ab><ab xml:lang="en">Acquisition from private ownership 2013/2014</ab></acquisition></history></msDesc></sourceDesc></fileDesc><profileDesc><correspDesc type="toZweig"><correspAction type="sent"><persName ref="http://d-nb.info/gnd/132731568"><surname>Bazalgette</surname><forename>Léon</forename></persName><date xml:lang="de" when="1903-12-31">31 déc 1903</date><date xml:lang="en" when="1903-12-31">31 déc 1903</date></correspAction><correspAction type="received"><persName ref="http://d-nb.info/gnd/118637479"><surname>Zweig</surname><forename>Stefan</forename></persName></correspAction></correspDesc></profileDesc></biblFull><biblFull xml:id="SZDKOR.bazalgette-leon.272"><fileDesc><titleStmt><title xml:lang="de">Bazalgette, Léon an Zweig, Stefan, 13.06.1905</title><title xml:lang="en">Bazalgette, Léon to Zweig, Stefan, 13.06.1905</title></titleStmt><publicationStmt><ab>Einzelbrief</ab></publicationStmt><sourceDesc><msDesc><msIdentifier><country>Österreich</country><settlement>Salzburg</settlement><repository ref="https://d-nb.info/gnd/1047605287">Literaturarchiv Salzburg</repository><idno type="signature">SZ-SAM/AK.8</idno><altIdentifier><idno type="PID">o:szd.3371</idno></altIdentifier><altIdentifier><idno type="context" /></altIdentifier></msIdentifier><msContents><textLang><lang xml:lang="fra">French</lang></textLang></msContents><physDesc><objectDesc><supportDesc><support><material ana="szdg:WritingMaterial" xml:lang="de">Ansichtspostkarte: "La Normandie – La 'C. P. A. | Environs de Flers – La Vallée du Noireau"</material><material ana="szdg:WritingMaterial" xml:lang="en">Picture postcard: "La Normandie – La 'C. P. A. | Environs de Flers – La Vallée du Noireau"</material><material ana="szdg:WritingInstrument" xml:lang="de">schwarze Tinte</material><material ana="szdg:WritingInstrument" xml:lang="en">black ink</material></support><extent><span xml:lang="de">1 Ansichtspostkarte, Manuskript, 1 Blatt</span><span xml:lang="en">1 picture postcard, manuscript, 1 leaf</span></extent></supportDesc></objectDesc></physDesc><history><acquisition><ab xml:lang="de">Ankauf aus Privatbesitz 2013/2014</ab><ab xml:lang="en">Acquisition from private ownership 2013/2014</ab></acquisition></history></msDesc></sourceDesc></fileDesc><profileDesc><correspDesc type="toZweig"><correspAction type="sent"><persName ref="http://d-nb.info/gnd/132731568"><surname>Bazalgette</surname><forename>Léon</forename></persName><note type="postalStamp">13 JUIN 05</note></correspAction><correspAction type="received"><persName ref="http://d-nb.info/gnd/118637479"><surname>Zweig</surname><forename>Stefan</forename></persName></correspAction></correspDesc></profileDesc></biblFull><biblFull xml:id="SZDKOR.bazalgette-leon.283"><fileDesc><titleStmt><title xml:lang="de">Bazalgette, Léon an Zweig, Stefan, 26.12.1911</title><title xml:lang="en">Bazalgette, Léon to Zweig, Stefan, 26.12.1911</title></titleStmt><publicationStmt><ab>Einzelbrief</ab></publicationStmt><sourceDesc><msDesc><msIdentifier><country>Österreich</country><settlement>Salzburg</settlement><repository ref="https://d-nb.info/gnd/1047605287">Literaturarchiv Salzburg</repository><idno type="signature">SZ-SAM/AK.9</idno><altIdentifier><idno type="PID">o:szd.3382</idno></altIdentifier><altIdentifier><idno type="context" /></altIdentifier></msIdentifier><msContents><textLang><lang xml:lang="fra">French</lang></textLang></msContents><physDesc><objectDesc><supportDesc><support><material ana="szdg:WritingMaterial" xml:lang="de">Ansichtspostkarte: "Paris – La Seine vue des Tours de Notre Dame"</material><material ana="szdg:WritingMaterial" xml:lang="en">Picture postcard: "Paris – La Seine vue des Tours de Notre Dame"</material><material ana="szdg:WritingInstrument" xml:lang="de">schwarze Tinte</material><material ana="szdg:WritingInstrument" xml:lang="en">black ink</material></support><extent><span xml:lang="de">1 Ansichtspostkarte, Manuskript, 1 Blatt</span><span xml:lang="en">1 picture postcard, manuscript, 1 leaf</span></extent></supportDesc></objectDesc></physDesc><history><acquisition><ab xml:lang="de">Ankauf aus Privatbesitz 2013/2014</ab><ab xml:lang="en">Acquisition from private ownership 2013/2014</ab></acquisition></history></msDesc></sourceDesc></fileDesc><profileDesc><correspDesc type="toZweig"><correspAction type="sent"><persName ref="http://d-nb.info/gnd/132731568"><surname>Bazalgette</surname><forename>Léon</forename></persName><date xml:lang="de" when="1911-12-26">26 Déc.11</date><date xml:lang="en" when="1911-12-26">26 Déc.11</date></correspAction><correspAction type="received"><persName ref="http://d-nb.info/gnd/118637479"><surname>Zweig</surname><forename>Stefan</forename></persName></correspAction></correspDesc></profileDesc></biblFull></listBibl></body></text></TEI>