<?xml version='1.0' encoding='UTF-8'?>
<book xmlns="http://gams.uni-graz.at/viewer" xmlns:xlink="http://www.w3.org/1999/xlink" xmlns:file="http://expath.org/ns/file"><title>Léon Bazalgette an Stefan Zweig, 16.09.1924, SZ-SAM/AK.11</title><author>Bazalgette, Léon</author><date>16.09.1924</date><category>Ansichtskarte</category><owner><name>Literaturarchiv Salzburg, https://stefanzweig.digital, CC-BY</name></owner><structure><div type="Bildseite"><page xlink:href="SZ-SAMAK_11-1.jpg" xml:lang="en" /></div><div type="Adressseite"><page xlink:href="SZ-SAMAK_11-2.jpg" xml:lang="en" /></div><div type="Farbreferenz"><page xlink:href="SZ-SAMAK_11-3.jpg" xml:lang="en" /></div></structure></book>