run,pid,status,letters,bytes
2026-09-24T12:59:09+00:00,o:szd.korrespondenzen.alberts-margot,written,1,6184
2026-09-24T12:59:09+00:00,o:szd.korrespondenzen.alexich-brettauer-erna,written,1,6255
2026-09-24T12:59:09+00:00,o:szd.korrespondenzen.alfred-und-stefanie-zweig,written,1,4489
2026-09-24T12:59:09+00:00,o:szd.korrespondenzen.allert-de-lange,written,1,6527
2026-09-24T12:59:09+00:00,o:szd.korrespondenzen.ammers-kuller-jo-van,written,1,6428
2026-09-24T12:59:09+00:00,o:szd.korrespondenzen.arens-hanns,written,1,6327
2026-09-24T12:59:09+00:00,o:szd.korrespondenzen.bad-schallerbach,written,1,4430
2026-09-24T12:59:09+00:00,o:szd.korrespondenzen.baer,written,1,6420
2026-09-24T12:59:09+00:00,o:szd.korrespondenzen.bahr-hermann,written,1,6663
2026-09-24T12:59:09+00:00,o:szd.korrespondenzen.bandler-hildegard,written,1,6229
2026-09-24T12:59:09+00:00,o:szd.korrespondenzen.bazalgette-leon,written,5,23015
2026-09-24T12:59:09+00:00,o:szd.korrespondenzen.begovic-milan,written,2,9642
2026-09-24T12:59:09+00:00,o:szd.korrespondenzen.behrend-walter,written,1,6389
2026-09-24T12:59:09+00:00,o:szd.korrespondenzen.bellonk-erich,written,1,6096
2026-09-24T12:59:09+00:00,o:szd.korrespondenzen.berger-gisela,written,1,6605
2026-09-24T12:59:09+00:00,o:szd.korrespondenzen.bergmann-alfred,written,1,6223
2026-09-24T12:59:09+00:00,o:szd.korrespondenzen.bing-edward,written,1,6417
2026-09-24T12:59:09+00:00,o:szd.korrespondenzen.bischoff,written,1,6285
2026-09-24T12:59:09+00:00,o:szd.korrespondenzen.bischoff-friedrich-walther,written,1,6573
2026-09-24T12:59:09+00:00,o:szd.korrespondenzen.bithell-jethro,written,1,6187
2026-09-24T12:59:09+00:00,o:szd.korrespondenzen.block-paul,written,1,6158
2026-09-24T12:59:09+00:00,o:szd.korrespondenzen.bosschere-jean-de,written,1,7196
2026-09-24T12:59:09+00:00,o:szd.korrespondenzen.braun-hedwig,written,1,6202
2026-09-24T12:59:09+00:00,o:szd.korrespondenzen.breuil-andre-jullien-du,written,1,7085
2026-09-24T12:59:09+00:00,o:szd.korrespondenzen.brody-armand,written,8,30418
2026-09-24T12:59:09+00:00,o:szd.korrespondenzen.bruder-wltzek-buchhandlung,written,1,4705
2026-09-24T12:59:09+00:00,o:szd.korrespondenzen.buber-martin,written,1,6246
2026-09-24T12:59:09+00:00,o:szd.korrespondenzen.buchhandlung-julius-kittls-nachfolger,written,1,4645
2026-09-24T12:59:09+00:00,o:szd.korrespondenzen.bull-wolfgang,written,1,6407
2026-09-24T12:59:09+00:00,o:szd.korrespondenzen.burger-emma,written,1,6315
2026-09-24T12:59:09+00:00,o:szd.korrespondenzen.burgio-ahrens-berta,written,4,16847
2026-09-24T12:59:09+00:00,o:szd.korrespondenzen.cahn-alfredo,written,1,6203
2026-09-24T12:59:09+00:00,o:szd.korrespondenzen.capek-karel,written,1,7140
2026-09-24T12:59:09+00:00,o:szd.korrespondenzen.cassell-and-company-ltd,written,2,8076
2026-09-24T12:59:09+00:00,o:szd.korrespondenzen.clauser-suzanne,written,2,9527
2026-09-24T12:59:09+00:00,o:szd.korrespondenzen.clemens-cyril,written,1,6400
2026-09-24T12:59:09+00:00,o:szd.korrespondenzen.cohen-betty,written,1,6305
2026-09-24T12:59:09+00:00,o:szd.korrespondenzen.coste-hilde,written,1,6195
2026-09-24T12:59:09+00:00,o:szd.korrespondenzen.csokor-franz-theodor,written,1,6270
2026-09-24T12:59:09+00:00,o:szd.korrespondenzen.czech-suzanne,written,11,19589
2026-09-24T12:59:09+00:00,o:szd.korrespondenzen.danowsky-simeon,written,1,6235
2026-09-24T12:59:09+00:00,o:szd.korrespondenzen.daubler-theodor,written,1,6228
2026-09-24T12:59:09+00:00,o:szd.korrespondenzen.david-h.,written,3,14516
2026-09-24T12:59:09+00:00,o:szd.korrespondenzen.deissinger-hans,written,1,6187
2026-09-24T12:59:09+00:00,o:szd.korrespondenzen.despres-fernand,written,2,9752
2026-09-24T12:59:09+00:00,o:szd.korrespondenzen.deutsch-ernst,written,1,6332
2026-09-24T12:59:09+00:00,o:szd.korrespondenzen.diettrich-fritz,written,1,6433
2026-09-24T12:59:09+00:00,o:szd.korrespondenzen.diez-duhrkoop-minya,written,1,6244
2026-09-24T12:59:09+00:00,o:szd.korrespondenzen.droop-fritz,written,1,6157
2026-09-24T12:59:09+00:00,o:szd.korrespondenzen.durtain-luc,written,1,6184
2026-09-24T12:59:09+00:00,o:szd.korrespondenzen.dykhoffz,written,1,4486
2026-09-24T12:59:09+00:00,o:szd.korrespondenzen.effenberg-h,written,1,5945
2026-09-24T12:59:09+00:00,o:szd.korrespondenzen.ehrmann-alfred-von,written,1,6359
2026-09-24T12:59:09+00:00,o:szd.korrespondenzen.einstein-alfred,written,1,6056
2026-09-24T12:59:09+00:00,o:szd.korrespondenzen.eisenprobst-elfriede,written,1,6248
2026-09-24T12:59:09+00:00,o:szd.korrespondenzen.fabijanovic-stephanus,written,1,6431
2026-09-24T12:59:09+00:00,o:szd.korrespondenzen.falckenberg-otto,written,1,6375
2026-09-24T12:59:09+00:00,o:szd.korrespondenzen.fauconnier-henri-le,written,2,9828
2026-09-24T12:59:09+00:00,o:szd.korrespondenzen.feld-leo,written,1,6826
2026-09-24T12:59:09+00:00,o:szd.korrespondenzen.ferencak-mirko-m.,written,1,7006
2026-09-24T12:59:09+00:00,o:szd.korrespondenzen.fischer-ernst,written,1,6223
2026-09-24T12:59:09+00:00,o:szd.korrespondenzen.fleischer-max,written,49,174317
2026-09-24T12:59:09+00:00,o:szd.korrespondenzen.fleischer-victor,written,40,135943
2026-09-24T12:59:09+00:00,o:szd.korrespondenzen.folkenhof-maria,written,1,6551
2026-09-24T12:59:09+00:00,o:szd.korrespondenzen.fontana-oskar-maurus,written,4,17080
2026-09-24T12:59:09+00:00,o:szd.korrespondenzen.france-harrar-annie,written,1,6466
2026-09-24T12:59:09+00:00,o:szd.korrespondenzen.frankl-paul,written,1,6216
2026-09-24T12:59:09+00:00,o:szd.korrespondenzen.freud-anna,written,1,4359
2026-09-24T12:59:09+00:00,o:szd.korrespondenzen.freud-sigmund,written,47,199684
2026-09-24T12:59:09+00:00,o:szd.korrespondenzen.freund-erich,written,1,6376
2026-09-24T12:59:09+00:00,o:szd.korrespondenzen.friedenthal-richard,written,73,267795
2026-09-24T12:59:09+00:00,o:szd.korrespondenzen.friedmann-wilhelm,written,1,6223
2026-09-24T12:59:09+00:00,o:szd.korrespondenzen.fritz,written,1,4330
2026-09-24T12:59:09+00:00,o:szd.korrespondenzen.fuchs-emil,written,7,26286
2026-09-24T12:59:09+00:00,o:szd.korrespondenzen.gans-helmut,written,1,6182
2026-09-24T12:59:09+00:00,o:szd.korrespondenzen.geigy-hagenbach-karl,written,1,6268
2026-09-24T12:59:09+00:00,o:szd.korrespondenzen.germani-elsa,written,2,9798
2026-09-24T12:59:09+00:00,o:szd.korrespondenzen.ginzkey-franz-karl,written,1,6252
2026-09-24T12:59:09+00:00,o:szd.korrespondenzen.glucksmann-heinrich,written,3,9754
2026-09-24T12:59:09+00:00,o:szd.korrespondenzen.gluecksmann-heinrich,written,3,13771
2026-09-24T12:59:09+00:00,o:szd.korrespondenzen.graf-else,written,1,6186
2026-09-24T12:59:09+00:00,o:szd.korrespondenzen.grafe-felix,written,1,6164
2026-09-24T12:59:09+00:00,o:szd.korrespondenzen.haase-hermann,written,1,6175
2026-09-24T12:59:09+00:00,o:szd.korrespondenzen.harta-felix-albrecht,written,1,7525
2026-09-24T12:59:09+00:00,o:szd.korrespondenzen.hasenstab-irene,written,1,6147
2026-09-24T12:59:09+00:00,o:szd.korrespondenzen.hauptmann-gerhart,written,1,6059
2026-09-24T12:59:09+00:00,o:szd.korrespondenzen.heidelbach-paul,written,2,10085
2026-09-24T12:59:09+00:00,o:szd.korrespondenzen.heilbron-george,written,2,5921
2026-09-24T12:59:09+00:00,o:szd.korrespondenzen.hella-alzir,written,2,9728
2026-09-24T12:59:09+00:00,o:szd.korrespondenzen.henrici-karl-ernst,written,1,6339
2026-09-24T12:59:09+00:00,o:szd.korrespondenzen.herbert-reichner-verlag,written,7,29024
2026-09-24T12:59:09+00:00,o:szd.korrespondenzen.hertzka-yella,written,1,4381
2026-09-24T12:59:09+00:00,o:szd.korrespondenzen.herz-richard,written,1,6222
2026-09-24T12:59:09+00:00,o:szd.korrespondenzen.herzfried,written,1,6294
2026-09-24T12:59:09+00:00,o:szd.korrespondenzen.hesse-hermann,written,1,6208
2026-09-24T12:59:09+00:00,o:szd.korrespondenzen.heuschele-otto,written,2,9622
2026-09-24T12:59:09+00:00,o:szd.korrespondenzen.hirschfeld-eugenie,written,20,74548
2026-09-24T12:59:09+00:00,o:szd.korrespondenzen.hoffmann-camill,written,4,17039
2026-09-24T12:59:09+00:00,o:szd.korrespondenzen.hohlfeld-dora,written,1,6211
2026-09-24T12:59:09+00:00,o:szd.korrespondenzen.hornuth-wilhelm,written,1,6369
2026-09-24T12:59:09+00:00,o:szd.korrespondenzen.houin-charles,written,1,6292
2026-09-24T12:59:09+00:00,o:szd.korrespondenzen.hultenberg-hugo,written,1,6206
2026-09-24T12:59:09+00:00,o:szd.korrespondenzen.hunich-fritz-adolf,written,3,13241
2026-09-24T12:59:09+00:00,o:szd.korrespondenzen.hyrkan-toni-devora,written,1,6255
2026-09-24T12:59:09+00:00,o:szd.korrespondenzen.insel-verlag,written,1,6401
2026-09-24T12:59:09+00:00,o:szd.korrespondenzen.international-copyright-bureau-ltd.-the,written,27,52420
2026-09-24T12:59:09+00:00,o:szd.korrespondenzen.jeanrenaud,written,3,13831
2026-09-24T12:59:09+00:00,o:szd.korrespondenzen.judischer-jugendverein,PID not named in the file,0,7765
2026-09-24T12:59:09+00:00,o:szd.korrespondenzen.judischer-jugendverein-dusseldorf,PID not named in the file,0,13672
2026-09-24T12:59:09+00:00,o:szd.korrespondenzen.kaemmerer-ami,written,7,29003
2026-09-24T12:59:09+00:00,o:szd.korrespondenzen.kaemmerer-erich-ami,written,5,14558
2026-09-24T12:59:09+00:00,o:szd.korrespondenzen.kaemmerer-maria,written,3,13815
2026-09-24T12:59:09+00:00,o:szd.korrespondenzen.kalckreuth-frederic-lewis-dunbar-von,written,1,6415
2026-09-24T12:59:09+00:00,o:szd.korrespondenzen.kauffmann-alfred,written,13,50790
2026-09-24T12:59:09+00:00,o:szd.korrespondenzen.key-ellen,written,1,6334
2026-09-24T12:59:09+00:00,o:szd.korrespondenzen.kiefer-jenny,written,1,6221
2026-09-24T12:59:09+00:00,o:szd.korrespondenzen.kippenberg-katharina,written,1,4430
2026-09-24T12:59:09+00:00,o:szd.korrespondenzen.klammer-karl,written,11,42448
2026-09-24T12:59:09+00:00,o:szd.korrespondenzen.kohler-richard,written,1,6447
2026-09-24T12:59:09+00:00,o:szd.korrespondenzen.korten-maria,written,2,9974
2026-09-24T12:59:09+00:00,o:szd.korrespondenzen.kubin-alfred,written,1,6432
2026-09-24T12:59:09+00:00,o:szd.korrespondenzen.kurverwaltung-bad-homburg,written,2,10148
2026-09-24T12:59:09+00:00,o:szd.korrespondenzen.kutscher-artur,written,1,6247
2026-09-24T12:59:09+00:00,o:szd.korrespondenzen.lang-otto,written,1,6162
2026-09-24T12:59:09+00:00,o:szd.korrespondenzen.lebisch,written,1,6274
2026-09-24T12:59:09+00:00,o:szd.korrespondenzen.leischner,written,1,6299
2026-09-24T12:59:09+00:00,o:szd.korrespondenzen.lichtenstein,written,1,6598
2026-09-24T12:59:09+00:00,o:szd.korrespondenzen.lilien-ephraim-mose,written,2,10362
2026-09-24T12:59:09+00:00,o:szd.korrespondenzen.lorenz-felix,written,1,6232
2026-09-24T12:59:09+00:00,o:szd.korrespondenzen.lothar-mark,written,1,6552
2026-09-24T12:59:09+00:00,o:szd.korrespondenzen.lovric-bozo,written,1,6328
2026-09-24T12:59:09+00:00,o:szd.korrespondenzen.low-hermann,written,2,9661
2026-09-24T12:59:09+00:00,o:szd.korrespondenzen.lucka-emil,written,2,9516
2026-09-24T12:59:09+00:00,o:szd.korrespondenzen.martin-du-gard-roger,written,1,6329
2026-09-24T12:59:09+00:00,o:szd.korrespondenzen.martinet-marcel,written,1,7015
2026-09-24T12:59:09+00:00,o:szd.korrespondenzen.masereel-frans,written,65,256821
2026-09-24T12:59:09+00:00,o:szd.korrespondenzen.max-und-victor-fleischer,written,3,7665
2026-09-24T12:59:09+00:00,o:szd.korrespondenzen.mazzucchetti-lavinia,written,3,13381
2026-09-24T12:59:09+00:00,o:szd.korrespondenzen.meckel-eberhard,written,1,6391
2026-09-24T12:59:09+00:00,o:szd.korrespondenzen.mees-friedrich-siegbert,written,5,20646
2026-09-24T12:59:09+00:00,o:szd.korrespondenzen.meingast-anna,written,171,614692
2026-09-24T12:59:09+00:00,o:szd.korrespondenzen.meingast-willi,written,2,9421
2026-09-24T12:59:09+00:00,o:szd.korrespondenzen.meulenhoff,written,9,9775
2026-09-24T12:59:09+00:00,o:szd.korrespondenzen.meulenhoff-johannes-marius,written,5,21285
2026-09-24T12:59:09+00:00,o:szd.korrespondenzen.meyer-fritz,written,1,6339
2026-09-24T12:59:09+00:00,o:szd.korrespondenzen.meyer-richard,written,1,4432
2026-09-24T12:59:09+00:00,o:szd.korrespondenzen.meyerowitz-kurt,written,1,6219
2026-09-24T12:59:09+00:00,o:szd.korrespondenzen.mickoleit-kurt,written,1,6202
2026-09-24T12:59:09+00:00,o:szd.korrespondenzen.milicevic-nika,written,1,6371
2026-09-24T12:59:09+00:00,o:szd.korrespondenzen.modern-klara,written,2,9894
2026-09-24T12:59:09+00:00,o:szd.korrespondenzen.moeller-rudolf,written,2,10114
2026-09-24T12:59:09+00:00,o:szd.korrespondenzen.moller-rudolf,written,2,6042
2026-09-24T12:59:09+00:00,o:szd.korrespondenzen.monath-elisabeth,written,1,6649
2026-09-24T12:59:09+00:00,o:szd.korrespondenzen.muller,written,1,6505
2026-09-24T12:59:09+00:00,o:szd.korrespondenzen.muller-einigen-hans,written,10,43679
2026-09-24T12:59:09+00:00,o:szd.korrespondenzen.muller-hans,written,1,4367
2026-09-24T12:59:09+00:00,o:szd.korrespondenzen.neumann-marianne,written,1,6391
2026-09-24T12:59:09+00:00,o:szd.korrespondenzen.nygaard-mads,written,3,13922
2026-09-24T12:59:09+00:00,o:szd.korrespondenzen.oppeln-bronikowski-friedrich,written,1,7133
2026-09-24T12:59:09+00:00,o:szd.korrespondenzen.oppenheimer-max,written,1,6369
2026-09-24T12:59:09+00:00,o:szd.korrespondenzen.osawa-akira,written,3,13117
2026-09-24T12:59:09+00:00,o:szd.korrespondenzen.paul-cedar,written,1,6219
2026-09-24T12:59:09+00:00,o:szd.korrespondenzen.paungarten-ferdinand-von,written,3,13233
2026-09-24T12:59:09+00:00,o:szd.korrespondenzen.petnikow-gregory,written,1,6705
2026-09-24T12:59:09+00:00,o:szd.korrespondenzen.pierard-louis,written,1,6372
2026-09-24T12:59:09+00:00,o:szd.korrespondenzen.pins-nelly,written,1,6341
2026-09-24T12:59:09+00:00,o:szd.korrespondenzen.pinthus-kurt,written,1,6250
2026-09-24T12:59:09+00:00,o:szd.korrespondenzen.podbieliki-gert-rene,written,1,6099
2026-09-24T12:59:09+00:00,o:szd.korrespondenzen.pollak-felix,written,2,9777
2026-09-24T12:59:09+00:00,o:szd.korrespondenzen.poncheville-andre-mabille-de,written,1,7112
2026-09-24T12:59:09+00:00,o:szd.korrespondenzen.rascher-max,written,5,21947
2026-09-24T12:59:09+00:00,o:szd.korrespondenzen.rascher-und-cie,PID not named in the file,0,5184
2026-09-24T12:59:09+00:00,o:szd.korrespondenzen.reichner-herbert,written,274,1102170
2026-09-24T12:59:09+00:00,o:szd.korrespondenzen.reinhart-hans,written,1,6317
2026-09-24T12:59:09+00:00,o:szd.korrespondenzen.reitter-eugenie,written,5,19996
2026-09-24T12:59:09+00:00,o:szd.korrespondenzen.reuschel-reinhold,written,1,6249
2026-09-24T12:59:09+00:00,o:szd.korrespondenzen.ring-barbra,written,1,6518
2026-09-24T12:59:09+00:00,o:szd.korrespondenzen.roessler-arthur,written,1,6223
2026-09-24T12:59:09+00:00,o:szd.korrespondenzen.rolland-romain,written,3,7434
2026-09-24T12:59:09+00:00,o:szd.korrespondenzen.romains-jules,written,9,34637
2026-09-24T12:59:09+00:00,o:szd.korrespondenzen.rosenkranz-hans,written,1,6353
2026-09-24T12:59:09+00:00,o:szd.korrespondenzen.rosenthal-friedrich,written,1,6549
2026-09-24T12:59:09+00:00,o:szd.korrespondenzen.roth-cecil,written,1,6194
2026-09-24T12:59:09+00:00,o:szd.korrespondenzen.rottauscher,written,1,6318
2026-09-24T12:59:09+00:00,o:szd.korrespondenzen.rotter-kurt-erich,written,1,6362
2026-09-24T12:59:09+00:00,o:szd.korrespondenzen.salus-hugo,written,1,6221
2026-09-24T12:59:09+00:00,o:szd.korrespondenzen.sander-ernst,written,2,9639
2026-09-24T12:59:09+00:00,o:szd.korrespondenzen.sarnetzki-dietmar-heinrich,written,1,6399
2026-09-24T12:59:09+00:00,o:szd.korrespondenzen.sauerlander-remigius,written,1,6570
2026-09-24T12:59:09+00:00,o:szd.korrespondenzen.schaffner-gerta,written,1,6386
2026-09-24T12:59:09+00:00,o:szd.korrespondenzen.schellenberg-ernst-ludwig,written,1,6327
2026-09-24T12:59:09+00:00,o:szd.korrespondenzen.scheller-will,written,3,13131
2026-09-24T12:59:09+00:00,o:szd.korrespondenzen.schenk-gustav,written,1,6350
2026-09-24T12:59:09+00:00,o:szd.korrespondenzen.schickele-rene,written,1,7228
2026-09-24T12:59:09+00:00,o:szd.korrespondenzen.schleicher-berta,written,2,9888
2026-09-24T12:59:09+00:00,o:szd.korrespondenzen.schmidt-berna-fritz,written,1,6257
2026-09-24T12:59:09+00:00,o:szd.korrespondenzen.scholz-wilhelm-von,written,1,6264
2026-09-24T12:59:09+00:00,o:szd.korrespondenzen.schutz-willy,written,1,6330
2026-09-24T12:59:09+00:00,o:szd.korrespondenzen.schwarz-heinrich,written,3,13060
2026-09-24T12:59:09+00:00,o:szd.korrespondenzen.schweizerische-vereinssortiment-olten,written,8,15739
2026-09-24T12:59:09+00:00,o:szd.korrespondenzen.schweizerisches-vereinssortiment-olten,written,17,68693
2026-09-24T12:59:09+00:00,o:szd.korrespondenzen.seelig-carl,written,1,6243
2026-09-24T12:59:09+00:00,o:szd.korrespondenzen.selden-goth-gisella,written,1,6482
2026-09-24T12:59:09+00:00,o:szd.korrespondenzen.sergel-albert,written,1,6538
2026-09-24T12:59:09+00:00,o:szd.korrespondenzen.sinaiberger-hugo,written,1,6758
2026-09-24T12:59:09+00:00,o:szd.korrespondenzen.sochaczewer-hans,written,2,9730
2026-09-24T12:59:09+00:00,o:szd.korrespondenzen.somlo-bela,written,1,4517
2026-09-24T12:59:09+00:00,o:szd.korrespondenzen.specht-richard,written,4,14264
2026-09-24T12:59:09+00:00,o:szd.korrespondenzen.stauffacher-werner,written,10,39152
2026-09-24T12:59:09+00:00,o:szd.korrespondenzen.stefanie-und-alfred-zweig,written,1,4473
2026-09-24T12:59:09+00:00,o:szd.korrespondenzen.steigerwald,written,1,6304
2026-09-24T12:59:09+00:00,o:szd.korrespondenzen.steinitz-heinrich,written,1,6351
2026-09-24T12:59:09+00:00,o:szd.korrespondenzen.stone-and-blyth-gesellschaft-m.-b.-h.,written,1,2819
2026-09-24T12:59:09+00:00,o:szd.korrespondenzen.strauss-richard,written,2,10073
2026-09-24T12:59:09+00:00,o:szd.korrespondenzen.suzanne,written,1,4346
2026-09-24T12:59:09+00:00,o:szd.korrespondenzen.suzanne-czech,written,4,9019
2026-09-24T12:59:09+00:00,o:szd.korrespondenzen.szell-georg,written,1,6219
2026-09-24T12:59:09+00:00,o:szd.korrespondenzen.szilley-bela-von,written,1,6301
2026-09-24T12:59:09+00:00,o:szd.korrespondenzen.theatre-guild-new-york,written,2,10076
2026-09-24T12:59:09+00:00,o:szd.korrespondenzen.tibaldi-chiesa-maria,written,1,6263
2026-09-24T12:59:09+00:00,o:szd.korrespondenzen.tocker-sergej,written,3,13098
2026-09-24T12:59:09+00:00,o:szd.korrespondenzen.tomaselli-lini-arolina,written,1,6126
2026-09-24T12:59:09+00:00,o:szd.korrespondenzen.tomaselli-lini-karolina,written,1,6564
2026-09-24T12:59:09+00:00,o:szd.korrespondenzen.tomaselli-richard,written,1,6438
2026-09-24T12:59:09+00:00,o:szd.korrespondenzen.tranquilli-lucia,written,1,6395
2026-09-24T12:59:09+00:00,o:szd.korrespondenzen.trebitsch-siegfried,written,1,6283
2026-09-24T12:59:09+00:00,o:szd.korrespondenzen.trebitsch-tina,written,1,6209
2026-09-24T12:59:09+00:00,o:szd.korrespondenzen.tressl-otto-j.,written,2,9857
2026-09-24T12:59:09+00:00,o:szd.korrespondenzen.trinius-bernhard,written,1,6259
2026-09-24T12:59:09+00:00,o:szd.korrespondenzen.tyndall-paul-camill,written,1,6238
2026-09-24T12:59:09+00:00,o:szd.korrespondenzen.ungar-hermann,written,2,9705
2026-09-24T12:59:09+00:00,o:szd.korrespondenzen.viertel-berthold,written,1,6514
2026-09-24T12:59:09+00:00,o:szd.korrespondenzen.vogt,written,1,6447
2026-09-24T12:59:09+00:00,o:szd.korrespondenzen.wach-aloys,written,1,6304
2026-09-24T12:59:09+00:00,o:szd.korrespondenzen.walden-martha,written,1,6329
2026-09-24T12:59:09+00:00,o:szd.korrespondenzen.walther-wilhelm,written,2,9655
2026-09-24T12:59:09+00:00,o:szd.korrespondenzen.wandel-louise,written,1,6462
2026-09-24T12:59:09+00:00,o:szd.korrespondenzen.warren-p.-munsell,written,0,2792
2026-09-24T12:59:09+00:00,o:szd.korrespondenzen.weddigen-otto,written,2,9601
2026-09-24T12:59:09+00:00,o:szd.korrespondenzen.weisflog,written,5,19765
2026-09-24T12:59:09+00:00,o:szd.korrespondenzen.weisflog-heinrich,written,3,13946
2026-09-24T12:59:09+00:00,o:szd.korrespondenzen.weisse-adolf,written,1,6208
2026-09-24T12:59:09+00:00,o:szd.korrespondenzen.weissel-otto,written,1,6109
2026-09-24T12:59:09+00:00,o:szd.korrespondenzen.wiener-oskar,written,1,6272
2026-09-24T12:59:09+00:00,o:szd.korrespondenzen.willert-paul,written,2,10057
2026-09-24T12:59:09+00:00,o:szd.korrespondenzen.winkler-leopold,written,1,6396
2026-09-24T12:59:09+00:00,o:szd.korrespondenzen.winternitz-friderike-von,written,1,4743
2026-09-24T12:59:09+00:00,o:szd.korrespondenzen.winternitz-suse-von,written,1,6114
2026-09-24T12:59:09+00:00,o:szd.korrespondenzen.winterstein-alfred-von,written,2,9813
2026-09-24T12:59:09+00:00,o:szd.korrespondenzen.wittkowski-victor,written,1,6479
2026-09-24T12:59:09+00:00,o:szd.korrespondenzen.wolf-gabriel,written,1,6205
2026-09-24T12:59:09+00:00,o:szd.korrespondenzen.wolf-hugo,written,1,6416
2026-09-24T12:59:09+00:00,o:szd.korrespondenzen.wolff-bozsi,written,1,6186
2026-09-24T12:59:09+00:00,o:szd.korrespondenzen.york-steiner-heinrich,written,1,6106
2026-09-24T12:59:09+00:00,o:szd.korrespondenzen.zander-moritz,written,1,5982
2026-09-24T12:59:09+00:00,o:szd.korrespondenzen.zech-paul,written,2,9861
2026-09-24T12:59:09+00:00,o:szd.korrespondenzen.zifferer-paul,written,2,9929
2026-09-24T12:59:09+00:00,o:szd.korrespondenzen.zweig-arnold,written,2,10122
2026-09-24T12:59:09+00:00,o:szd.korrespondenzen.zweig-ida,written,2,9626
2026-09-24T12:59:09+00:00,o:szd.korrespondenzen.zweig-stefan,written,1,5834
2026-09-24T12:59:09+00:00,o:szd.korrespondenzen.zweig-stefanie,written,4,15468
2026-09-24T13:02:26+00:00,o:szd.korrespondenzen.judischer-jugendverein,"written, known defect: names o:szd.korrespondenzen.judischer-jugendverein-(dusseldorf), second object for the same body",3,7765
2026-09-24T13:02:26+00:00,o:szd.korrespondenzen.judischer-jugendverein-dusseldorf,"written, known defect: names o:szd.korrespondenzen.judischer-jugendverein-(dusseldorf)",3,13672
2026-09-24T13:02:26+00:00,o:szd.korrespondenzen.rascher-und-cie,"written, known defect: carries the konvolut of Margot Alberts and no PID of its own",1,5184
