<?xml version='1.0' encoding='UTF-8'?>
<book xmlns="http://gams.uni-graz.at/viewer" xmlns:xlink="http://www.w3.org/1999/xlink" xmlns:file="http://expath.org/ns/file"><title>Fernand Desprès an Stefan Zweig, 26.04.1924, SZ-SAM/AK.44</title><author>Desprès, Fernand</author><date>26.04.1924</date><category>Ansichtskarte</category><owner><name>Literaturarchiv Salzburg, https://stefanzweig.digital, CC-BY</name></owner><structure><div type="Bildseite"><page xlink:href="SZ-SAMAK_44-1.jpg" xml:lang="en" /></div><div type="Adressseite"><page xlink:href="SZ-SAMAK_44-2.jpg" xml:lang="en" /></div><div type="Farbreferenz"><page xlink:href="SZ-SAMAK_44-3.jpg" xml:lang="en" /></div></structure></book>